name,youtube_url,date,court,duration_minutes
Tränare Tisdag 20.30 våren 2026 2026-03-24 - Bana 10,https://www.youtube.com/watch?v=QeOIToFYjqo,2026-03-24 20:30,Bana 10,90
Tränare Tisdag 20.30 våren 2026 2026-03-24 - Bana 8,https://www.youtube.com/watch?v=wkOq_IgJEo8,2026-03-24 20:30,Bana 8,90
Tränare Tisdag 20.30 våren 2026 2026-03-24 - Bana 9,https://www.youtube.com/watch?v=HQa8dNNRehw,2026-03-24 20:30,Bana 9,90
Tränare Tisdag 17.00 våren 2026 2026-03-24 - Bana 10,https://www.youtube.com/watch?v=7YvDWc1YF-A,2026-03-24 17:00,Bana 10,90
Tränare Tisdag 17.00 våren 2026 2026-03-24 - Bana 7,https://www.youtube.com/watch?v=VfQ0E98Lg_Q,2026-03-24 17:00,Bana 7,90
Tränare Tisdag 17.00 våren 2026 2026-03-24 - Bana 8,https://www.youtube.com/watch?v=BeqGGhYIdLU,2026-03-24 17:00,Bana 8,90
Tränare Tisdag 17.00 våren 2026 2026-03-24 - Bana 9,https://www.youtube.com/watch?v=GZEo5_13xZs,2026-03-24 17:00,Bana 9,90
Tränare Måndag 20.30 våren 2026 2026-03-23 - Bana 10,https://www.youtube.com/watch?v=CxTXJfzMjnc,2026-03-23 20:30,Bana 10,90
Tränare Måndag 20.30 våren 2026 2026-03-23 - Bana 8,https://www.youtube.com/watch?v=hEoOaJXSEZI,2026-03-23 20:30,Bana 8,90
Tränare Måndag 20.30 våren 2026 2026-03-23 - Bana 9,https://www.youtube.com/watch?v=2vNyYvioAPk,2026-03-23 20:30,Bana 9,90
Smaragd 2026-03-23,https://www.youtube.com/watch?v=IOABZCeZVQQ,2026-03-23 20:30,Bana 7,90
Pollux 2026-03-23,https://www.youtube.com/watch?v=AwoeuMSyCeE,2026-03-23 20:30,Bana 4,90
Tränare Måndag 19.00 våren 2026 2026-03-23 - Bana 10,https://www.youtube.com/watch?v=wnBEpt1lex8,2026-03-23 19:00,Bana 10,90
Tränare Måndag 19.00 våren 2026 2026-03-23 - Bana 8,https://www.youtube.com/watch?v=fw5p9OMgXFA,2026-03-23 19:00,Bana 8,90
Tränare Måndag 19.00 våren 2026 2026-03-23 - Bana 9,https://www.youtube.com/watch?v=drMipNjlBTw,2026-03-23 19:00,Bana 9,90
Sirius 2026-03-23,https://www.youtube.com/watch?v=IK98P6wIxdM,2026-03-23 19:00,Bana 7,90
Rubin 2026-03-23,https://www.youtube.com/watch?v=9JOwBTrl7rk,2026-03-23 19:00,Bana 4,90
Diamant 2026-03-23,https://www.youtube.com/watch?v=g8i3c2pvKFo,2026-03-23 17:30,Bana 4,90
Tränare Måndag 17.00 våren 2026 2026-03-23 - Bana 10,https://www.youtube.com/watch?v=OPqZ-xrQ4AU,2026-03-23 17:00,Bana 10,120
Tränare Måndag 17.00 våren 2026 2026-03-23 - Bana 7,https://www.youtube.com/watch?v=8JU1ScUanm8,2026-03-23 17:00,Bana 7,120
Tränare Måndag 17.00 våren 2026 2026-03-23 - Bana 8,https://www.youtube.com/watch?v=1vGZ5c8mOLQ,2026-03-23 17:00,Bana 8,120
Tränare Måndag 17.00 våren 2026 2026-03-23 - Bana 9,https://www.youtube.com/watch?v=nbHZ4pRU-aY,2026-03-23 17:00,Bana 9,120
Komet 2026-03-22 - Bana 10,https://www.youtube.com/watch?v=LwB21B8yOQs,2026-03-22 18:30,Bana 10,120
Komet 2026-03-22 - Bana 7,https://www.youtube.com/watch?v=ezOadsuj2jo,2026-03-22 18:30,Bana 7,120
Komet 2026-03-22 - Bana 8,https://www.youtube.com/watch?v=2MDwo_18CEM,2026-03-22 18:30,Bana 8,120
Komet 2026-03-22 - Bana 9,https://www.youtube.com/watch?v=-EvJvZNMQt0,2026-03-22 18:30,Bana 9,120
Tanzanit 2026-03-22,https://www.youtube.com/watch?v=rs15yQPbPcA,2026-03-22 18:30,Bana 4,90
Cosmos 2026-03-22,https://www.youtube.com/watch?v=B_FBIrThqNw,2026-03-22 17:00,Bana 4,90
Luna 2026-03-22 - Bana 7,https://www.youtube.com/watch?v=mrxCok1UNyY,2026-03-22 17:00,Bana 7,90
Luna 2026-03-22 - Bana 8,https://www.youtube.com/watch?v=wVLtccJKd-o,2026-03-22 17:00,Bana 8,90
Luna 2026-03-22 - Bana 9,https://www.youtube.com/watch?v=uFDErCxvq0I,2026-03-22 17:00,Bana 9,90
Luna 2026-03-22 - Bana 10,https://www.youtube.com/watch?v=xS8tquOx7EU,2026-03-22 17:00,Bana 10,90
Tränare Söndag 15.00 våren 2026 2026-03-22 - Bana 10,https://www.youtube.com/watch?v=HBNc5e3lFtY,2026-03-22 15:00,Bana 10,90
Tränare Söndag 15.00 våren 2026 2026-03-22 - Bana 7,https://www.youtube.com/watch?v=Ve7m1M-hOyc,2026-03-22 15:00,Bana 7,90
Tränare Söndag 15.00 våren 2026 2026-03-22 - Bana 8,https://www.youtube.com/watch?v=ikLMuEcpRic,2026-03-22 15:00,Bana 8,90
Tränare Söndag 15.00 våren 2026 2026-03-22 - Bana 9,https://www.youtube.com/watch?v=oCse7VbpK3o,2026-03-22 15:00,Bana 9,90
Zirkon 2026-03-22,https://www.youtube.com/watch?v=gy_qbvnpxmY,2026-03-22 13:30,Bana 4,90
Polaris 2026-03-22,https://www.youtube.com/watch?v=Pm42sTy3_fY,2026-03-22 13:30,Bana 7,90
Andromeda 2026-03-22,https://www.youtube.com/watch?v=2L2xPn8Lp0I,2026-03-22 13:30,Bana 9,90
Onyx 2026-03-22,https://www.youtube.com/watch?v=pGHWJvGLL8g,2026-03-22 12:00,Bana 4,90
Nebulosa 2026-03-22 - Bana 9,https://www.youtube.com/watch?v=vB6HfN3cqYE,2026-03-22 12:00,Bana 9,90
Nebulosa 2026-03-22 - Bana 10,https://www.youtube.com/watch?v=8mz_U-P-C3s,2026-03-22 12:00,Bana 10,90
Final - Oliver Lundmark / Anders Hellvig vs Erik Rundqvist / Pavle Cani,https://www.youtube.com/watch?v=JnT5vx3Z4yY,2026-03-21 18:20,Bana 7,90
Semi 1 - Niklas Gustafsson / Rickard Sandberg vs Oliver Lundmark / Anders Hellvig,https://www.youtube.com/watch?v=gilFzqoUbLQ,2026-03-21 17:40,Bana 7,90
Semi 2 - Erik Rundqvist / Pavle Cani vs Teodor Norup / Nicklas Larsson,https://www.youtube.com/watch?v=53cfgHafO-c,2026-03-21 17:40,Bana 8,90
Kvart 1 - Oskar Billerfors / Mikael Lindahl vs Niklas Gustafsson / Rickard Sandberg,https://www.youtube.com/watch?v=Xamep3GnXi0,2026-03-21 17:00,Bana 7,90
Kvart 2 - Oliver Lundmark / Anders Hellvig vs Alvin Bolin / Elliott Bolin,https://www.youtube.com/watch?v=bOdMmDNLvvw,2026-03-21 17:00,Bana 10,90
Kvart 3 - Erik Rundqvist / Pavle Cani vs Brady Nilsson / Stefan Karlsson,https://www.youtube.com/watch?v=YqCsMYdEo_g,2026-03-21 17:00,Bana 9,90
Kvart 4 - Teodor Norup / Nicklas Larsson vs Zia Qasemi / Wilhelm Ek Tedefors,https://www.youtube.com/watch?v=0GUgClcX6g8,2026-03-21 17:00,Bana 8,90
Åttondel 1 - Niklas Gustafsson / Rickard Sandberg vs Andreas Aurelius / Peter Barmyr,https://www.youtube.com/watch?v=5OQIabO-fko,2026-03-21 16:20,Bana 7,90
Åttondel 2 - Zia Qasemi / Wilhelm Ek Tedefors vs Mattias Dammander Åberg / Joakim Celinder,https://www.youtube.com/watch?v=dyuZ4S19NTQ,2026-03-21 16:20,Bana 8,90
Gruppspel - Andreas Aurelius / Peter Barmyr vs Oskar Öberg / Alexander Öberg,https://www.youtube.com/watch?v=H8i3h7Tq6MI,2026-03-21 15:40,Bana 8,90
Gruppspel - Jonas Pettersson / Jakob Liv vs Ludwig Widerström Jonsson / Linus Stjernberg,https://www.youtube.com/watch?v=ElkY7-pjeiw,2026-03-21 15:40,Bana 9,90
Gruppspel - Zia Qasemi / Wilhelm Ek Tedefors vs Jacob Immerstrand / Erik Jilnö,https://www.youtube.com/watch?v=PoPW_XHSy14,2026-03-21 15:40,Bana 10,90
Gruppspel - Brady Nilsson / Stefan Karlsson vs Henning Zettergren / Stefhan Jägare,https://www.youtube.com/watch?v=xoKu2co5MrE,2026-03-21 15:40,Bana 7,90
Final - Victoria Jonsson / Margarita Nilsson vs Amanda Norman / Johanna Rönnblom,https://www.youtube.com/watch?v=Ig_G35AExFY,2026-03-21 15:40,Bana 4,90
Gruppspel - Teodor Norup / Nicklas Larsson vs Emil Wennersten / Vidar Hollinger,https://www.youtube.com/watch?v=R1D3yh4FpEM,2026-03-21 15:00,Bana 8,90
Gruppspel - Erik Rundqvist / Pavle Cani vs Niklas Gustafsson / Rickard Sandberg,https://www.youtube.com/watch?v=Z2CkshYk2Yo,2026-03-21 15:00,Bana 9,90
Gruppspel - Alvin Bolin / Elliott Bolin vs Philip Kuehn Krylborn / Charlie Ohlén,https://www.youtube.com/watch?v=AIBxi9motOs,2026-03-21 15:00,Bana 10,90
Gruppspel - Oliver Lundmark / Anders Hellvig vs Martin Tiberg / Max Unestål Ortlieb,https://www.youtube.com/watch?v=X6qTMdEo7ok,2026-03-21 15:00,Bana 7,90
Semi 2 - Isabella Mikkonen / Tove Sparrman vs Amanda Norman / Johanna Rönnblom,https://www.youtube.com/watch?v=FZ5x5Abdv_0,2026-03-21 15:00,Bana 4,90
Gruppspel - Teodor Norup / Nicklas Larsson vs Andreas Aurelius / Peter Barmyr,https://www.youtube.com/watch?v=O65iab3GJq8,2026-03-21 14:20,Bana 8,90
Gruppspel - Erik Rundqvist / Pavle Cani vs Jonas Pettersson / Jakob Liv,https://www.youtube.com/watch?v=1N-MwXusIwI,2026-03-21 14:20,Bana 9,90
Gruppspel - Alvin Bolin / Elliott Bolin vs Zia Qasemi / Wilhelm Ek Tedefors,https://www.youtube.com/watch?v=RlW8mRiMY_M,2026-03-21 14:20,Bana 10,90
Gruppspel - Oliver Lundmark / Anders Hellvig vs Brady Nilsson / Stefan Karlsson,https://www.youtube.com/watch?v=fOAep1QAk9A,2026-03-21 14:20,Bana 7,90
Kvart 4 - Anette Svensson / Susanna Tiainen vs Amanda Norman / Johanna Rönnblom,https://www.youtube.com/watch?v=FE_U8XK9KNw,2026-03-21 14:20,Bana 4,90
Gruppspel - Jacob Immerstrand / Erik Jilnö vs Philip Kuehn Krylborn / Charlie Ohlén,https://www.youtube.com/watch?v=--04s5rZtmI,2026-03-21 13:40,Bana 10,90
Gruppspel - Oskar Öberg / Alexander Öberg vs Emil Wennersten / Vidar Hollinger,https://www.youtube.com/watch?v=BPpC46s2XLA,2026-03-21 13:40,Bana 8,90
Gruppspel - Ludwig Widerström Jonsson / Linus Stjernberg vs Niklas Gustafsson / Rickard Sa,https://www.youtube.com/watch?v=cZ4zSDCRAGQ,2026-03-21 13:40,Bana 9,90
Gruppspel - Henning Zettergren / Stefhan Jägare vs Martin Tiberg / Max Unestål Ortlieb,https://www.youtube.com/watch?v=bPigs5FjRNg,2026-03-21 13:40,Bana 7,90
Gruppspel - Näva von Rosen / Patrica Sjöblom vs Ulrika Sanders Jonsson / Delia Daniele,https://www.youtube.com/watch?v=1arUv_drFgE,2026-03-21 13:40,Bana 4,90
Gruppspel - Teodor Norup / Nicklas Larsson vs Oskar Öberg / Alexander Öberg,https://www.youtube.com/watch?v=23Eyv2gRfuw,2026-03-21 13:00,Bana 8,90
Gruppspel - Erik Rundqvist / Pavle Cani vs Ludwig Widerström Jonsson / Linus Stjernberg,https://www.youtube.com/watch?v=k9Cw-x9ThiM,2026-03-21 13:00,Bana 9,90
Gruppspel - Alvin Bolin / Elliott Bolin vs Jacob Immerstrand / Erik Jilnö,https://www.youtube.com/watch?v=mbCacozhMPc,2026-03-21 13:00,Bana 10,90
Gruppspel - Oliver Lundmark / Anders Hellvig vs Henning Zettergren / Stefhan Jägare,https://www.youtube.com/watch?v=zYeaVKyzTC8,2026-03-21 13:00,Bana 7,90
Gruppspel - Ulrika Sanders Jonsson / Delia Daniele vs Amanda Norman / Johanna Rönnblom,https://www.youtube.com/watch?v=r82oWVUD6FU,2026-03-21 13:00,Bana 4,90
Gruppspel - Andreas Aurelius / Peter Barmyr vs Emil Wennersten / Vidar Hollinger,https://www.youtube.com/watch?v=h12tDhFpR7w,2026-03-21 12:20,Bana 8,90
Gruppspel - Jonas Pettersson / Jakob Liv vs Niklas Gustafsson / Rickard Sandberg,https://www.youtube.com/watch?v=LMseBP2nu1Q,2026-03-21 12:20,Bana 9,90
Gruppspel - Zia Qasemi / Wilhelm Ek Tedefors vs Philip Kuehn Krylborn / Charlie Ohlén,https://www.youtube.com/watch?v=Uy3xr8iKDiU,2026-03-21 12:20,Bana 10,90
Gruppspel - Brady Nilsson / Stefan Karlsson vs Martin Tiberg / Max Unestål Ortlieb,https://www.youtube.com/watch?v=OoJvRiu1_Ls,2026-03-21 12:20,Bana 7,90
Gruppspel - Amanda Norman / Johanna Rönnblom vs Näva von Rosen / Patrica Sjöblom,https://www.youtube.com/watch?v=dwgkZXiUmKU,2026-03-21 12:20,Bana 4,90
Zenith 2026-03-18 - Bana 7,https://www.youtube.com/watch?v=5gVQRfVFt2Q,2026-03-18 20:30,Bana 7,110
Zenith 2026-03-18 - Bana 8,https://www.youtube.com/watch?v=i7xcWfrQsxU,2026-03-18 20:30,Bana 8,110
Meteor 2026-03-18 - Bana 9,https://www.youtube.com/watch?v=BDO_AN3RDf8,2026-03-18 20:30,Bana 9,90
Meteor 2026-03-18 - Bana 10,https://www.youtube.com/watch?v=6KIx1yoanpo,2026-03-18 20:30,Bana 10,90
Galax 2026-03-18,https://www.youtube.com/watch?v=o6ZENjJDPx8,2026-03-18 20:30,Bana 4,90
Ametist 2026-03-18,https://www.youtube.com/watch?v=BM0ubeXHv7c,2026-03-18 19:00,Bana 4,90
Lyran 2026-03-18 - Bana 7,https://www.youtube.com/watch?v=Vnvy5j8iI9s,2026-03-18 19:00,Bana 7,90
Lyran 2026-03-18 - Bana 8,https://www.youtube.com/watch?v=H4iAvTv6fP4,2026-03-18 19:00,Bana 8,90
Atlas 2026-03-18 - Bana 9,https://www.youtube.com/watch?v=NAgIYD1jW0g,2026-03-18 19:00,Bana 9,90
Atlas 2026-03-18 - Bana 10,https://www.youtube.com/watch?v=y4tVZ6nyP04,2026-03-18 19:00,Bana 10,90
Tränare Onsdag 17.00 våren 2026 2026-03-18 - Bana 9,https://www.youtube.com/watch?v=In4jJ_BvpVo,2026-03-18 17:00,Bana 9,90
Tränare Onsdag 17.00 våren 2026 2026-03-18 - Bana 10,https://www.youtube.com/watch?v=ZkPYPRiXSx4,2026-03-18 17:00,Bana 10,90
Tränare Tisdag 20.30 våren 2026 2026-03-17 - Bana 10,https://www.youtube.com/watch?v=YNhSipalZOE,2026-03-17 20:30,Bana 10,90
Tränare Tisdag 20.30 våren 2026 2026-03-17 - Bana 8,https://www.youtube.com/watch?v=M_bj7hnXNEc,2026-03-17 20:30,Bana 8,90
Tränare Tisdag 20.30 våren 2026 2026-03-17 - Bana 9,https://www.youtube.com/watch?v=slS7B--Lne8,2026-03-17 20:30,Bana 9,90
Tränare Tisdag 17.00 våren 2026 2026-03-17 - Bana 10,https://www.youtube.com/watch?v=kX0FwqTPpNo,2026-03-17 17:00,Bana 10,90
Tränare Tisdag 17.00 våren 2026 2026-03-17 - Bana 7,https://www.youtube.com/watch?v=TBnnB7vyi4o,2026-03-17 17:00,Bana 7,90
Tränare Tisdag 17.00 våren 2026 2026-03-17 - Bana 8,https://www.youtube.com/watch?v=rIY42GiYiH4,2026-03-17 17:00,Bana 8,90
Tränare Tisdag 17.00 våren 2026 2026-03-17 - Bana 9,https://www.youtube.com/watch?v=4TzY9O-bafQ,2026-03-17 17:00,Bana 9,90
Tränare Måndag 20.30 våren 2026 2026-03-16 - Bana 10,https://www.youtube.com/watch?v=89pmitpkues,2026-03-16 20:30,Bana 10,90
Tränare Måndag 20.30 våren 2026 2026-03-16 - Bana 8,https://www.youtube.com/watch?v=yaP7eu9bPjg,2026-03-16 20:30,Bana 8,90
Tränare Måndag 20.30 våren 2026 2026-03-16 - Bana 9,https://www.youtube.com/watch?v=yCpbBMNto5s,2026-03-16 20:30,Bana 9,90
Smaragd 2026-03-16,https://www.youtube.com/watch?v=c778KutSaWQ,2026-03-16 20:30,Bana 7,90
Pollux 2026-03-16,https://www.youtube.com/watch?v=QaPa-V7yrfY,2026-03-16 20:30,Bana 4,90
Tränare Måndag 19.00 våren 2026 2026-03-16 - Bana 10,https://www.youtube.com/watch?v=OQaFzWizzq4,2026-03-16 19:00,Bana 10,90
Tränare Måndag 19.00 våren 2026 2026-03-16 - Bana 8,https://www.youtube.com/watch?v=wMKCsqtyWXU,2026-03-16 19:00,Bana 8,90
Tränare Måndag 19.00 våren 2026 2026-03-16 - Bana 9,https://www.youtube.com/watch?v=4uLhtpRtv5E,2026-03-16 19:00,Bana 9,90
Sirius 2026-03-16,https://www.youtube.com/watch?v=uqDARDbjJzI,2026-03-16 19:00,Bana 7,90
Rubin 2026-03-16,https://www.youtube.com/watch?v=548U2r4tNXs,2026-03-16 19:00,Bana 4,90
Diamant 2026-03-16,https://www.youtube.com/watch?v=GdAHl56164c,2026-03-16 17:30,Bana 4,90
Tränare Måndag 17.00 våren 2026 2026-03-16 - Bana 10,https://www.youtube.com/watch?v=ih5CgH1iH8A,2026-03-16 17:00,Bana 10,120
Tränare Måndag 17.00 våren 2026 2026-03-16 - Bana 7,https://www.youtube.com/watch?v=oVHjcQmwclg,2026-03-16 17:00,Bana 7,120
Tränare Måndag 17.00 våren 2026 2026-03-16 - Bana 8,https://www.youtube.com/watch?v=I4X6l73pYP8,2026-03-16 17:00,Bana 8,120
Tränare Måndag 17.00 våren 2026 2026-03-16 - Bana 9,https://www.youtube.com/watch?v=jxlnzGKmf_Q,2026-03-16 17:00,Bana 9,120
Matchmaking: David Cabrera,https://www.youtube.com/watch?v=990CZQWvB6g,2026-03-16 16:00,Bana 4,90
Komet 2026-03-15 - Bana 10,https://www.youtube.com/watch?v=0t3BiXHCFvs,2026-03-15 18:30,Bana 10,120
Komet 2026-03-15 - Bana 7,https://www.youtube.com/watch?v=nqTdY02XOq0,2026-03-15 18:30,Bana 7,120
Komet 2026-03-15 - Bana 8,https://www.youtube.com/watch?v=lf9G8HTejiQ,2026-03-15 18:30,Bana 8,120
Komet 2026-03-15 - Bana 9,https://www.youtube.com/watch?v=MuW58jm9cEo,2026-03-15 18:30,Bana 9,120
Tanzanit 2026-03-15,https://www.youtube.com/watch?v=3OCD2pnsxOk,2026-03-15 18:30,Bana 4,90
Cosmos 2026-03-15,https://www.youtube.com/watch?v=gm24uPLR3mQ,2026-03-15 17:00,Bana 4,90
Luna 2026-03-15 - Bana 7,https://www.youtube.com/watch?v=ltu7lrK0nOk,2026-03-15 17:00,Bana 7,90
Luna 2026-03-15 - Bana 8,https://www.youtube.com/watch?v=7yRMj3Ymnqc,2026-03-15 17:00,Bana 8,90
Luna 2026-03-15 - Bana 9,https://www.youtube.com/watch?v=kqT_mVTIemc,2026-03-15 17:00,Bana 9,90
Luna 2026-03-15 - Bana 10,https://www.youtube.com/watch?v=YsZCs6t5W3w,2026-03-15 17:00,Bana 10,90
Tränare Söndag 15.00 våren 2026 2026-03-15 - Bana 10,https://www.youtube.com/watch?v=D4IC26yMVaE,2026-03-15 15:00,Bana 10,90
Tränare Söndag 15.00 våren 2026 2026-03-15 - Bana 7,https://www.youtube.com/watch?v=24P6pFwWbVo,2026-03-15 15:00,Bana 7,90
Tränare Söndag 15.00 våren 2026 2026-03-15 - Bana 8,https://www.youtube.com/watch?v=oSrcXNhLFB8,2026-03-15 15:00,Bana 8,90
Tränare Söndag 15.00 våren 2026 2026-03-15 - Bana 9,https://www.youtube.com/watch?v=mY76h3jsgtY,2026-03-15 15:00,Bana 9,90
Zirkon 2026-03-15,https://www.youtube.com/watch?v=uelVEMGbWuU,2026-03-15 13:30,Bana 4,90
Polaris 2026-03-15,https://www.youtube.com/watch?v=lygpPijHUhg,2026-03-15 13:30,Bana 7,90
Andromeda 2026-03-15,https://www.youtube.com/watch?v=Y7uOx2hhtec,2026-03-15 13:30,Bana 9,90
Onyx 2026-03-15,https://www.youtube.com/watch?v=HPSCTt1toFc,2026-03-15 12:00,Bana 4,90
Nebulosa 2026-03-15 - Bana 9,https://www.youtube.com/watch?v=_OG6UoI2_HE,2026-03-15 12:00,Bana 9,90
Nebulosa 2026-03-15 - Bana 10,https://www.youtube.com/watch?v=TE0dbc__VTE,2026-03-15 12:00,Bana 10,90
Final - Peter Kaznov / Vidar Hollinger vs Joakim Allard / Wilhelm Ek Tedefors,https://www.youtube.com/watch?v=c2gAPpgEHH4,2026-03-14 19:30,Bana 7,90
Final - Kajsa Edholm / Elin Engström vs Emilie Carlmark / Selma Åslund,https://www.youtube.com/watch?v=KOyTAAmugQU,2026-03-14 18:45,Bana 4,90
Semi 1 - Magnus Barck-Holst / Folke Barck-Holst vs Peter Kaznov / Vidar Hollinger,https://www.youtube.com/watch?v=TGxtRQNBwoQ,2026-03-14 18:45,Bana 9,90
Semi 2 - Vilgot Axland / Alexander Lindvall vs Joakim Allard / Wilhelm Ek Tedefors,https://www.youtube.com/watch?v=iHYaPyfr7x8,2026-03-14 18:45,Bana 7,90
Semi 1 - Freja Hiller / Olga Anheim vs Kajsa Edholm / Elin Engström,https://www.youtube.com/watch?v=bHTutMIAV0A,2026-03-14 18:00,Bana 4,90
Kvart 2 - Erik Båth / Fredrik Sköldberg vs Peter Kaznov / Vidar Hollinger,https://www.youtube.com/watch?v=54c_itclbew,2026-03-14 18:00,Bana 9,90
Kvart 3 - Vilgot Axland / Alexander Lindvall vs Jesper Thornberg / Boudjemaa Boumoussa,https://www.youtube.com/watch?v=LYRtLR9cYbA,2026-03-14 18:00,Bana 8,90
Kvart 4 - Joakim Allard / Wilhelm Ek Tedefors vs Daniel Wadskog / Leonardo Broman Klemming,https://www.youtube.com/watch?v=w7OD2rmYgVk,2026-03-14 18:00,Bana 7,90
Kvart 1 - Freja Hiller / Olga Anheim vs Ellen Dovrell Loge / Emma Wickholm,https://www.youtube.com/watch?v=a5Shn-xQMrs,2026-03-14 17:15,Bana 4,90
Åttondel 2 - Peter Kaznov / Vidar Hollinger vs Alexander Knutsson Fiskvatn / Melvin Barmyr,https://www.youtube.com/watch?v=ayaLF2RcIlI,2026-03-14 17:15,Bana 9,90
Åttondel 3 - Anton Aldebert / Elias Agnoletto Thorhard vs Jesper Thornberg / Boudjemaa Bou,https://www.youtube.com/watch?v=ud5bwxRwC8A,2026-03-14 17:15,Bana 8,90
Åttondel 4 - Daniel Wadskog / Leonardo Broman Klemming vs Henning Zettergren / Stefhan Jäg,https://www.youtube.com/watch?v=mk0ExbZiOj0,2026-03-14 17:15,Bana 7,90
Åttondel 1 - Tatiana Kuprina / Daniela Males vs Ellen Dovrell Loge / Emma Wickholm,https://www.youtube.com/watch?v=5U0RJNN8hwI,2026-03-14 16:30,Bana 4,90
Gruppspel - Vilgot Axland / Alexander Lindvall vs Paul Rhys / Rahul Sudhakara Menon,https://www.youtube.com/watch?v=ZUxGJmAsjRs,2026-03-14 16:30,Bana 8,90
Gruppspel - Erik Båth / Fredrik Sköldberg vs Daniel Wadskog / Leonardo Broman Klemming,https://www.youtube.com/watch?v=dmmuzOOQyQE,2026-03-14 16:30,Bana 9,90
Gruppspel - Hedwig Widegren / Viola Wikström vs Frida Nilzén / Malin Arnesson,https://www.youtube.com/watch?v=t1UUXN4FU40,2026-03-14 15:45,Bana 4,90
Gruppspel - Mattias Dammander Åberg / Sixten Dammander vs Sebastian Särnbrink / Noah Pauls,https://www.youtube.com/watch?v=cA2zYg_pT50,2026-03-14 15:45,Bana 8,90
Gruppspel - Andreas Hiller / David Sundström Sundström vs Angelos Chatziparasidis / Michae,https://www.youtube.com/watch?v=9XUPRrn36DM,2026-03-14 15:45,Bana 9,90
Gruppspel - Eva Baggström / Anna Baggström vs Jacqueline Jaconelli / Barbara Yano Alves,https://www.youtube.com/watch?v=gOKGuNVdkI4,2026-03-14 15:00,Bana 4,90
Gruppspel - Mattias Dammander Åberg / Sixten Dammander vs Vilgot Axland / Alexander Lindva,https://www.youtube.com/watch?v=AyrxF1vyMYQ,2026-03-14 15:00,Bana 8,90
Gruppspel - Andreas Hiller / David Sundström Sundström vs Erik Båth / Fredrik Sköldberg,https://www.youtube.com/watch?v=j2gKtKVeQGE,2026-03-14 15:00,Bana 9,90
Gruppspel - Amadeus Eskengren / Philip Joelsson vs Adrian Forsgren / Arvid Hellesöy Annell,https://www.youtube.com/watch?v=-LC4VJ_uwPM,2026-03-14 15:00,Bana 10,90
Gruppspel - Eva Baggström / Anna Baggström vs Hedwig Widegren / Viola Wikström,https://www.youtube.com/watch?v=YTnJ_Q9I_n8,2026-03-14 14:15,Bana 4,90
Gruppspel - Paul Rhys / Rahul Sudhakara Menon vs Sebastian Särnbrink / Noah Paulson,https://www.youtube.com/watch?v=4mh8wpWFxwY,2026-03-14 14:15,Bana 8,90
Gruppspel - Daniel Wadskog / Leonardo Broman Klemming vs Angelos Chatziparasidis / Michael,https://www.youtube.com/watch?v=4MJTv2-UcGA,2026-03-14 14:15,Bana 9,90
Gruppspel - Alexander Knutsson Fiskvatn / Melvin Barmyr vs Milan Safai / Axel Söderström,https://www.youtube.com/watch?v=q6QOJb9ILbc,2026-03-14 14:00,Bana 7,90
Gruppspel - Mattias Dammander Åberg / Sixten Dammander vs Paul Rhys / Rahul Sudhakara Meno,https://www.youtube.com/watch?v=ev8BMr9enE8,2026-03-14 13:30,Bana 8,90
Gruppspel - Frida Nilzén / Malin Arnesson vs Jacqueline Jaconelli / Barbara Yano Alves,https://www.youtube.com/watch?v=khC15hnU9OE,2026-03-14 13:30,Bana 4,90
Gruppspel - Joakim Allard / Wilhelm Ek Tedefors vs Alexander Knutsson Fiskvatn / Melvin Ba,https://www.youtube.com/watch?v=i_gbLCba1Ck,2026-03-14 13:00,Bana 7,90
Gruppspel - Eva Baggström / Anna Baggström vs Frida Nilzén / Malin Arnesson,https://www.youtube.com/watch?v=paO8wctaji0,2026-03-14 12:45,Bana 4,90
Gruppspel - Andreas Hiller / David Sundström Sundström vs Daniel Wadskog / Leonardo Broman,https://www.youtube.com/watch?v=FGJSFOhLpuM,2026-03-14 12:45,Bana 9,90
Gruppspel - Henning Zettergren / Stefhan Jägare vs Amadeus Eskengren / Philip Joelsson,https://www.youtube.com/watch?v=8-mRNdU4xQw,2026-03-14 12:45,Bana 10,90
Gruppspel - Juan Esbjörnsson / Eric Calderon vs Mattias Coleman / Alexander Ahlgren,https://www.youtube.com/watch?v=UMtdzvJ90_I,2026-03-14 12:45,Bana 8,90
Gruppspel - Hedwig Widegren / Viola Wikström vs Jacqueline Jaconelli / Barbara Yano Alves,https://www.youtube.com/watch?v=wQOd316E5c4,2026-03-14 12:00,Bana 4,90
Gruppspel - Milan Safai / Axel Söderström vs Joakim Allard / Wilhelm Ek Tedefors,https://www.youtube.com/watch?v=7kFuVu8S66w,2026-03-14 12:00,Bana 7,90
Gruppspel - Vilgot Axland / Alexander Lindvall vs Sebastian Särnbrink / Noah Paulson,https://www.youtube.com/watch?v=OVW7znPqlqg,2026-03-14 12:00,Bana 8,90
Gruppspel - Erik Båth / Fredrik Sköldberg vs Angelos Chatziparasidis / Michael Ridborn,https://www.youtube.com/watch?v=huO1Vqy0EFE,2026-03-14 12:00,Bana 9,90
Gruppspel - Peter Kaznov / Vidar Hollinger vs Adrian Forsgren / Arvid Hellesöy Annell,https://www.youtube.com/watch?v=m8daTknEi9Q,2026-03-14 12:00,Bana 10,90
Matchmaking: Lars Berglund,https://www.youtube.com/watch?v=DRhDC4btbDw,2026-03-14 09:00,Bana 8,90
Matchmaking: Lars Berglund,https://www.youtube.com/watch?v=CdmwMCArQX4,2026-03-14 09:00,Bana 10,90
Matchmaking: Anders Simon,https://www.youtube.com/watch?v=RjJSoBFa28g,2026-03-13 07:30,Bana 8,165
Matchmaking: Rasmus Boden,https://www.youtube.com/watch?v=hmYYXLMIZV8,2026-03-12 11:30,Bana 8,90
Matchmaking: Lars Berglund,https://www.youtube.com/watch?v=6LBaEj-baS0,2026-03-12 10:00,Bana 8,90
Zenith 2026-03-11 - Bana 7,https://www.youtube.com/watch?v=kllRXZp-AWQ,2026-03-11 20:30,Bana 7,110
Zenith 2026-03-11 - Bana 8,https://www.youtube.com/watch?v=wM4bHX8wY4U,2026-03-11 20:30,Bana 8,110
Meteor 2026-03-11 - Bana 9,https://www.youtube.com/watch?v=iGetHjZHpoU,2026-03-11 20:30,Bana 9,90
Meteor 2026-03-11 - Bana 10,https://www.youtube.com/watch?v=MNhxSNh9owc,2026-03-11 20:30,Bana 10,90
Galax 2026-03-11,https://www.youtube.com/watch?v=K-6cZ8OOOgI,2026-03-11 20:30,Bana 4,90
Ametist 2026-03-11,https://www.youtube.com/watch?v=ZGj5M-Sk58E,2026-03-11 19:00,Bana 4,90
Lyran 2026-03-11 - Bana 7,https://www.youtube.com/watch?v=yt_fAje19Xo,2026-03-11 19:00,Bana 7,90
Lyran 2026-03-11 - Bana 8,https://www.youtube.com/watch?v=oWD1Xdh01BA,2026-03-11 19:00,Bana 8,90
Atlas 2026-03-11 - Bana 9,https://www.youtube.com/watch?v=BydPOgK4tpw,2026-03-11 19:00,Bana 9,90
Atlas 2026-03-11 - Bana 10,https://www.youtube.com/watch?v=FIKBv8JSF_I,2026-03-11 19:00,Bana 10,90
Tränare Onsdag 17.00 våren 2026 2026-03-11 - Bana 9,https://www.youtube.com/watch?v=0j7q-ZsFQe8,2026-03-11 17:00,Bana 9,90
Tränare Onsdag 17.00 våren 2026 2026-03-11 - Bana 10,https://www.youtube.com/watch?v=DItrsAQXaW4,2026-03-11 17:00,Bana 10,90
Tränare Tisdag 20.30 våren 2026 2026-03-10 - Bana 10,https://www.youtube.com/watch?v=QwMCXzc4nWg,2026-03-10 20:30,Bana 10,90
Tränare Tisdag 20.30 våren 2026 2026-03-10 - Bana 8,https://www.youtube.com/watch?v=pWKtk-TyFl8,2026-03-10 20:30,Bana 8,90
Tränare Tisdag 20.30 våren 2026 2026-03-10 - Bana 9,https://www.youtube.com/watch?v=UqHXa5BZs8Y,2026-03-10 20:30,Bana 9,90
Tränare Tisdag 17.00 våren 2026 2026-03-10 - Bana 7,https://www.youtube.com/watch?v=XnTcHMfAa44,2026-03-10 17:00,Bana 7,90
Tränare Tisdag 17.00 våren 2026 2026-03-10 - Bana 8,https://www.youtube.com/watch?v=nGKMXyei1pc,2026-03-10 17:00,Bana 8,90
Tränare Måndag 20.30 våren 2026 2026-03-09 - Bana 10,https://www.youtube.com/watch?v=nR48MxnY6Tw,2026-03-09 20:30,Bana 10,90
Tränare Måndag 20.30 våren 2026 2026-03-09 - Bana 8,https://www.youtube.com/watch?v=VWT5sJh516M,2026-03-09 20:30,Bana 8,90
Tränare Måndag 20.30 våren 2026 2026-03-09 - Bana 9,https://www.youtube.com/watch?v=mc6GYiHXOC8,2026-03-09 20:30,Bana 9,90
Smaragd 2026-03-09,https://www.youtube.com/watch?v=7QqPTQ6hI8M,2026-03-09 20:30,Bana 7,90
Pollux 2026-03-09,https://www.youtube.com/watch?v=Y1PxppTnLc8,2026-03-09 20:30,Bana 4,90
Tränare Måndag 19.00 våren 2026 2026-03-09 - Bana 10,https://www.youtube.com/watch?v=tGHT5fJhDC0,2026-03-09 19:00,Bana 10,90
Tränare Måndag 19.00 våren 2026 2026-03-09 - Bana 8,https://www.youtube.com/watch?v=csQlb37SFb0,2026-03-09 19:00,Bana 8,90
Tränare Måndag 19.00 våren 2026 2026-03-09 - Bana 9,https://www.youtube.com/watch?v=vGYbETSP15U,2026-03-09 19:00,Bana 9,90
Sirius 2026-03-09,https://www.youtube.com/watch?v=XyU1BODWboA,2026-03-09 19:00,Bana 7,90
Rubin 2026-03-09,https://www.youtube.com/watch?v=cI3xZ8Sj81w,2026-03-09 19:00,Bana 4,90
Diamant 2026-03-09,https://www.youtube.com/watch?v=4PF-AiDUc6k,2026-03-09 17:30,Bana 4,90
Tränare Måndag 17.00 våren 2026 2026-03-09 - Bana 10,https://www.youtube.com/watch?v=6LEQsRb1iTE,2026-03-09 17:00,Bana 10,120
Tränare Måndag 17.00 våren 2026 2026-03-09 - Bana 7,https://www.youtube.com/watch?v=0blOK-z-2g8,2026-03-09 17:00,Bana 7,120
Tränare Måndag 17.00 våren 2026 2026-03-09 - Bana 8,https://www.youtube.com/watch?v=jvl9botlxCg,2026-03-09 17:00,Bana 8,120
Tränare Måndag 17.00 våren 2026 2026-03-09 - Bana 9,https://www.youtube.com/watch?v=8-HaN5W7hj0,2026-03-09 17:00,Bana 9,120
Komet 2026-03-08 - Bana 10,https://www.youtube.com/watch?v=hhEpFhbpZGs,2026-03-08 18:30,Bana 10,120
Komet 2026-03-08 - Bana 7,https://www.youtube.com/watch?v=l8RC8F7wMQE,2026-03-08 18:30,Bana 7,120
Komet 2026-03-08 - Bana 8,https://www.youtube.com/watch?v=JINYLoAY9-w,2026-03-08 18:30,Bana 8,120
Komet 2026-03-08 - Bana 9,https://www.youtube.com/watch?v=Mlpf4XDL16Q,2026-03-08 18:30,Bana 9,120
Tanzanit 2026-03-08,https://www.youtube.com/watch?v=jFUcOWUSUMg,2026-03-08 18:30,Bana 4,90
Cosmos 2026-03-08,https://www.youtube.com/watch?v=mwwVBD9a7DU,2026-03-08 17:00,Bana 4,90
Luna 2026-03-08 - Bana 7,https://www.youtube.com/watch?v=C-Xuv2dOFCI,2026-03-08 17:00,Bana 7,90
Luna 2026-03-08 - Bana 8,https://www.youtube.com/watch?v=SNIfKU6RAj0,2026-03-08 17:00,Bana 8,90
Luna 2026-03-08 - Bana 9,https://www.youtube.com/watch?v=UZdk7Dqa8yU,2026-03-08 17:00,Bana 9,90
Luna 2026-03-08 - Bana 10,https://www.youtube.com/watch?v=Kur7WD2NP84,2026-03-08 17:00,Bana 10,90
Tränare Söndag 15.00 våren 2026 2026-03-08 - Bana 10,https://www.youtube.com/watch?v=sEhGGA0S6gc,2026-03-08 15:00,Bana 10,90
Tränare Söndag 15.00 våren 2026 2026-03-08 - Bana 7,https://www.youtube.com/watch?v=qxN0jDo4r0o,2026-03-08 15:00,Bana 7,90
Tränare Söndag 15.00 våren 2026 2026-03-08 - Bana 8,https://www.youtube.com/watch?v=7MT7a3Zj-mE,2026-03-08 15:00,Bana 8,90
Tränare Söndag 15.00 våren 2026 2026-03-08 - Bana 9,https://www.youtube.com/watch?v=kE53LtQUwf8,2026-03-08 15:00,Bana 9,90
Zirkon 2026-03-08,https://www.youtube.com/watch?v=mT0VXxYp6Rg,2026-03-08 13:30,Bana 4,90
Polaris 2026-03-08,https://www.youtube.com/watch?v=z5w7nD4t8bo,2026-03-08 13:30,Bana 7,90
Andromeda 2026-03-08,https://www.youtube.com/watch?v=ui1WfqpeA9I,2026-03-08 13:30,Bana 9,90
Gruppspel - Loser match 2 vs Loser match 10,https://www.youtube.com/watch?v=uQ3gdi8RdjU,2026-03-07 11:15,Bana 4,90
Gruppspel - Loser match 6 vs Loser match 14,https://www.youtube.com/watch?v=2hH19bgDOiM,2026-03-07 11:15,Bana 8,90
Gruppspel - Loser match 8 vs Loser match 16,https://www.youtube.com/watch?v=NTRPXQV_dAA,2026-03-07 11:15,Bana 10,90
Gruppspel - Loser match 40 vs Loser match 41,https://www.youtube.com/watch?v=qLajoBezqqg,2026-03-07 11:15,Bana 9,90
Gruppspel - Tuva Nilsson / Johanna Frost vs Cornelia Björkquist / Michaela Engman,https://www.youtube.com/watch?v=pTSFbvB_brs,2026-03-07 10:45,Bana 7,90
Gruppspel - Winner match 2 vs Winner match 10,https://www.youtube.com/watch?v=xutk--S6Pc0,2026-03-07 10:30,Bana 4,90
Gruppspel - Winner match 6 vs Winner match 14,https://www.youtube.com/watch?v=rJgK2aCZoTU,2026-03-07 10:30,Bana 8,90
Gruppspel - Winner match 8 vs Winner match 16,https://www.youtube.com/watch?v=5wG3HxjpKKk,2026-03-07 10:30,Bana 10,90
Gruppspel - Winner match 40 vs Winner match 41,https://www.youtube.com/watch?v=hdZ2HrhbwpU,2026-03-07 10:30,Bana 9,90
Gruppspel - Cornelia Björkquist / Michaela Engman vs Emelie Öpik / Ingrid Axland,https://www.youtube.com/watch?v=_0qsAtq7rok,2026-03-07 10:00,Bana 7,90
Gruppspel - Mile Bjerlöw / Vilmer Snälls vs Ramin Rahimi / Erivaldo Rodrigues De França,https://www.youtube.com/watch?v=SYFh6C5Z7Xc,2026-03-07 09:45,Bana 4,90
Gruppspel - Amos Bäckström / Anton Roberthson vs Jakob Stegemyr / Mikael Lidström,https://www.youtube.com/watch?v=Qmi6OEJ7mXM,2026-03-07 09:45,Bana 8,90
Gruppspel - Nicklas Berger / Theo Hiller vs Samuel Henriksson / Simon Apelthun,https://www.youtube.com/watch?v=ZWRn85hbZTI,2026-03-07 09:45,Bana 10,90
Gruppspel - Nataliia Kupovets / Elvira Carstedt vs Karin Leander / Anna Eknor,https://www.youtube.com/watch?v=kuH3F_1jwI4,2026-03-07 09:45,Bana 9,90
Gruppspel - Emelie Öpik / Ingrid Axland vs Tuva Nilsson / Johanna Frost,https://www.youtube.com/watch?v=RPNrB2JqCnM,2026-03-07 09:15,Bana 7,90
Gruppspel - Viktor Jonsson / Rasmus Bodén vs Max Attevall / Robin Sunström,https://www.youtube.com/watch?v=LwW_YkrGdNg,2026-03-07 09:00,Bana 4,90
Gruppspel - Teodor Norup / Eivind Stenström vs Samuel Larsson / Stefan Karlsson,https://www.youtube.com/watch?v=ldJideOgWEw,2026-03-07 09:00,Bana 8,90
Gruppspel - Rasmus Eklund / Oliver Saxlund vs Mikael Billfors Gustavsson / Magnus Barck-Ho,https://www.youtube.com/watch?v=KLp-GvJozkE,2026-03-07 09:00,Bana 10,90
Gruppspel - Lisa Söderlund / Joanna Saber vs Hanna Lejeby / Paulina Björkquist,https://www.youtube.com/watch?v=gR5PYy6f6g8,2026-03-07 09:00,Bana 9,90
Tränare Tisdag 20.30 våren 2026 2026-03-03 - Bana 10,https://www.youtube.com/watch?v=qjfRZAVfZZA,2026-03-03 20:30,Bana 10,90
Tränare Tisdag 20.30 våren 2026 2026-03-03 - Bana 8,https://www.youtube.com/watch?v=MHThVoSrNNI,2026-03-03 20:30,Bana 8,90
Tränare Tisdag 20.30 våren 2026 2026-03-03 - Bana 9,https://www.youtube.com/watch?v=Gf3TODxE8O4,2026-03-03 20:30,Bana 9,90
Tränare Tisdag 17.00 våren 2026 2026-03-03 - Bana 7,https://www.youtube.com/watch?v=agaU2awZMOQ,2026-03-03 17:00,Bana 7,90
Tränare Tisdag 17.00 våren 2026 2026-03-03 - Bana 8,https://www.youtube.com/watch?v=qU5J68RjgoI,2026-03-03 17:00,Bana 8,90
Tränare Måndag 20.30 våren 2026 2026-03-02 - Bana 10,https://www.youtube.com/watch?v=qMstnr2e49Q,2026-03-02 20:30,Bana 10,90
Tränare Måndag 20.30 våren 2026 2026-03-02 - Bana 8,https://www.youtube.com/watch?v=4rrnTx-diRA,2026-03-02 20:30,Bana 8,90
Tränare Måndag 20.30 våren 2026 2026-03-02 - Bana 9,https://www.youtube.com/watch?v=fltXW92NmoU,2026-03-02 20:30,Bana 9,90
Smaragd 2026-03-02,https://www.youtube.com/watch?v=_NwmVF-yjD8,2026-03-02 20:30,Bana 7,90
Pollux 2026-03-02,https://www.youtube.com/watch?v=Saa2QuuJbvA,2026-03-02 20:30,Bana 4,90
Tränare Måndag 19.00 våren 2026 2026-03-02 - Bana 10,https://www.youtube.com/watch?v=TObKO1NFY50,2026-03-02 19:00,Bana 10,90
Tränare Måndag 19.00 våren 2026 2026-03-02 - Bana 8,https://www.youtube.com/watch?v=12vC9Lf8IMY,2026-03-02 19:00,Bana 8,90
Tränare Måndag 19.00 våren 2026 2026-03-02 - Bana 9,https://www.youtube.com/watch?v=gfm-U_0ckkQ,2026-03-02 19:00,Bana 9,90
Sirius 2026-03-02,https://www.youtube.com/watch?v=tplSxdcgO1k,2026-03-02 19:00,Bana 7,90
Rubin 2026-03-02,https://www.youtube.com/watch?v=WSmSXvSDlys,2026-03-02 19:00,Bana 4,90
Diamant 2026-03-02,https://www.youtube.com/watch?v=7ZbJkvbD1bY,2026-03-02 17:30,Bana 4,90
Tränare Måndag 17.00 våren 2026 2026-03-02 - Bana 10,https://www.youtube.com/watch?v=45H-_fXV4sU,2026-03-02 17:00,Bana 10,120
Tränare Måndag 17.00 våren 2026 2026-03-02 - Bana 7,https://www.youtube.com/watch?v=VaIliI8I9Bo,2026-03-02 17:00,Bana 7,120
Tränare Måndag 17.00 våren 2026 2026-03-02 - Bana 8,https://www.youtube.com/watch?v=J2Kh0R6nRRI,2026-03-02 17:00,Bana 8,120
Tränare Måndag 17.00 våren 2026 2026-03-02 - Bana 9,https://www.youtube.com/watch?v=Ha2Qbu0Hsec,2026-03-02 17:00,Bana 9,120
Komet 2026-03-01 - Bana 10,https://www.youtube.com/watch?v=qIJK7s0FqTg,2026-03-01 18:30,Bana 10,120
Komet 2026-03-01 - Bana 7,https://www.youtube.com/watch?v=1y3qxA_EKaY,2026-03-01 18:30,Bana 7,120
Komet 2026-03-01 - Bana 8,https://www.youtube.com/watch?v=SK69nqCiR-E,2026-03-01 18:30,Bana 8,120
Komet 2026-03-01 - Bana 9,https://www.youtube.com/watch?v=DYNXcCceWeg,2026-03-01 18:30,Bana 9,120
Tränare Söndag 15.00 våren 2026 2026-03-01 - Bana 10,https://www.youtube.com/watch?v=MuvEmPXV02w,2026-03-01 15:00,Bana 10,90
Tränare Söndag 15.00 våren 2026 2026-03-01 - Bana 7,https://www.youtube.com/watch?v=k93LA7Fw0uY,2026-03-01 15:00,Bana 7,90
Tränare Söndag 15.00 våren 2026 2026-03-01 - Bana 8,https://www.youtube.com/watch?v=0cJOPGKTiMU,2026-03-01 15:00,Bana 8,90
Tränare Söndag 15.00 våren 2026 2026-03-01 - Bana 9,https://www.youtube.com/watch?v=ohjFd4BHRlc,2026-03-01 15:00,Bana 9,90
Kvart 1 - A/1 vs Segrare 53,https://www.youtube.com/watch?v=zvVnYDpKqGQ,2026-02-28 17:25,Bana 4,90
Kvart 2 - E/1 vs D/1,https://www.youtube.com/watch?v=2vNJTbXOLQA,2026-02-28 17:25,Bana 10,90
Åttondel 1 - C/2 vs B/2,https://www.youtube.com/watch?v=H4oMmVjmdY4,2026-02-28 16:40,Bana 4,90
Gruppspel - Johanna Frost / Karolina Mikkonen vs Maria Ziedorn / Kajsa Edholm,https://www.youtube.com/watch?v=RpKVhQxK1l4,2026-02-28 15:55,Bana 8,90
Gruppspel - Olivia Björk / Klara Lindqvist vs Anastasia Nilsson / Margarita Nilsson,https://www.youtube.com/watch?v=OrrUb_Kc2TQ,2026-02-28 15:55,Bana 10,90
Gruppspel - Milagros Llenas / Desiree Yrwing vs Anneli Bogren / Nancy Lai,https://www.youtube.com/watch?v=ZsqJLteQU6M,2026-02-28 15:10,Bana 8,90
Gruppspel - Anna Ojdanic / Linda Levinsson vs Alicia Back / Olivia Arnberg,https://www.youtube.com/watch?v=-FKUL92c6H0,2026-02-28 15:10,Bana 10,90
Gruppspel - Milagros Llenas / Desiree Yrwing vs Johanna Frost / Karolina Mikkonen,https://www.youtube.com/watch?v=ARtBhEAHYSw,2026-02-28 14:25,Bana 8,90
Gruppspel - Anna Ojdanic / Linda Levinsson vs Olivia Björk / Klara Lindqvist,https://www.youtube.com/watch?v=Bo03f19bElo,2026-02-28 14:25,Bana 10,90
Gruppspel - Nicolina Gvojic / Lovisa Kjellman vs Sofia Ekman / Nellie Månsson,https://www.youtube.com/watch?v=8Zw9YaPkWvs,2026-02-28 13:40,Bana 4,90
Gruppspel - Maria Ziedorn / Kajsa Edholm vs Anneli Bogren / Nancy Lai,https://www.youtube.com/watch?v=ad3arT_a6c8,2026-02-28 13:40,Bana 8,90
Gruppspel - Anastasia Nilsson / Margarita Nilsson vs Alicia Back / Olivia Arnberg,https://www.youtube.com/watch?v=V0cQlE_7VIo,2026-02-28 13:40,Bana 10,90
Gruppspel - Tuva Nilsson / Elin Nordmark vs Nicolina Gvojic / Lovisa Kjellman,https://www.youtube.com/watch?v=O5Md-6KxCcA,2026-02-28 12:55,Bana 4,90
Gruppspel - Milagros Llenas / Desiree Yrwing vs Maria Ziedorn / Kajsa Edholm,https://www.youtube.com/watch?v=b3ybDNcUNlo,2026-02-28 12:55,Bana 8,90
Gruppspel - Anna Ojdanic / Linda Levinsson vs Anastasia Nilsson / Margarita Nilsson,https://www.youtube.com/watch?v=l-6gF0s0jfA,2026-02-28 12:55,Bana 10,90
Gruppspel - Sofia Ekman / Nellie Månsson vs Tuva Nilsson / Elin Nordmark,https://www.youtube.com/watch?v=d9rJaihw_Pw,2026-02-28 12:10,Bana 4,90
Gruppspel - Johanna Frost / Karolina Mikkonen vs Anneli Bogren / Nancy Lai,https://www.youtube.com/watch?v=oA-5E9VXJ0k,2026-02-28 12:10,Bana 8,90
Gruppspel - Olivia Björk / Klara Lindqvist vs Alicia Back / Olivia Arnberg,https://www.youtube.com/watch?v=kNk5LY0ySD4,2026-02-28 12:10,Bana 10,90
B - Final - Emil Pacewicz / Elton Edvinsson vs Milan Safai / Axel Söderström,https://www.youtube.com/watch?v=Sep0JJXpTEI,2026-02-27 16:39,Bana 7,90
Final - Malte Nordman / Dawid Pasierowski vs Markus Ohannessian / Gustav Danzan,https://www.youtube.com/watch?v=JcOh45sGmY4,2026-02-27 15:59,Bana 8,90
B - Semi 1 - Milan Safai / Axel Söderström vs Erik Boberg / Ivar Geidenstam,https://www.youtube.com/watch?v=PvL3gQH9HTA,2026-02-27 15:59,Bana 7,90
Semi 1 - Malte Nordman / Dawid Pasierowski vs Martin Meijer / Aron Stenfors,https://www.youtube.com/watch?v=1oi9GrSWZeE,2026-02-27 15:19,Bana 8,90
Semi 2 - Markus Ohannessian / Gustav Danzan vs Vilgot Axland / Sebastian Särnbrink,https://www.youtube.com/watch?v=Q1JNIQYMv10,2026-02-27 15:19,Bana 7,90
Gruppspel - Markus Ohannessian / Gustav Danzan vs Milan Safai / Axel Söderström,https://www.youtube.com/watch?v=m53Xd6piqlU,2026-02-27 14:39,Bana 7,90
Gruppspel - Malte Nordman / Dawid Pasierowski vs Erik Boberg / Ivar Geidenstam,https://www.youtube.com/watch?v=Wy-RJPZdd8k,2026-02-27 13:59,Bana 8,90
Gruppspel - Emil Pacewicz / Elton Edvinsson vs Martin Meijer / Aron Stenfors,https://www.youtube.com/watch?v=d6mkebXhFZk,2026-02-27 13:59,Bana 7,90
Gruppspel - Vilgot Axland / Sebastian Särnbrink vs Malte Nordman / Dawid Pasierowski,https://www.youtube.com/watch?v=ZX6sQxD0R9o,2026-02-27 13:19,Bana 8,90
Gruppspel - Markus Ohannessian / Gustav Danzan vs Emil Pacewicz / Elton Edvinsson,https://www.youtube.com/watch?v=n64mtxzfghw,2026-02-27 13:19,Bana 7,90
Gruppspel - Erik Boberg / Ivar Geidenstam vs Vilgot Axland / Sebastian Särnbrink,https://www.youtube.com/watch?v=_4QHbE4HFIg,2026-02-27 12:39,Bana 8,90
Gruppspel - Milan Safai / Axel Söderström vs Martin Meijer / Aron Stenfors,https://www.youtube.com/watch?v=GyGF4qnooag,2026-02-27 12:39,Bana 7,90
Gruppspel - Martin Meijer / Aron Stenfors vs Markus Ohannessian / Gustav Danzan,https://www.youtube.com/watch?v=txyXotHJDK0,2026-02-27 11:59,Bana 8,90
Gruppspel - Emil Pacewicz / Elton Edvinsson vs Milan Safai / Axel Söderström,https://www.youtube.com/watch?v=OUF-4tszwQQ,2026-02-27 11:59,Bana 7,90
Meteor 2026-02-26 - Bana 9,https://www.youtube.com/watch?v=ykBsVtTDYoo,2026-02-26 20:30,Bana 9,90
Meteor 2026-02-26 - Bana 10,https://www.youtube.com/watch?v=66Cwh43kkvc,2026-02-26 20:30,Bana 10,90
Galax 2026-02-26,https://www.youtube.com/watch?v=tXw3MFZ64Rc,2026-02-26 20:30,Bana 4,90
Ametist 2026-02-26,https://www.youtube.com/watch?v=vKGvjJ__GjI,2026-02-26 19:00,Bana 4,90
Ametist 2026-02-26,https://www.youtube.com/watch?v=s_ouJeB7a6I,2026-02-26 19:00,Bana 4,90
Ametist 2026-02-26,https://www.youtube.com/watch?v=2jECQFVJe8c,2026-02-26 19:00,Bana 4,90
Lyran 2026-02-26 - Bana 7,https://www.youtube.com/watch?v=iWtJpz0Hp2I,2026-02-26 19:00,Bana 7,90
Lyran 2026-02-26 - Bana 7,https://www.youtube.com/watch?v=gTDtVzL0fMM,2026-02-26 19:00,Bana 7,90
Lyran 2026-02-26 - Bana 8,https://www.youtube.com/watch?v=TjQE1LJ1Aas,2026-02-26 19:00,Bana 8,90
Lyran 2026-02-26 - Bana 8,https://www.youtube.com/watch?v=MRZtSB5eqzU,2026-02-26 19:00,Bana 8,90
Atlas 2026-02-26 - Bana 9,https://www.youtube.com/watch?v=MbvVR6xKEz8,2026-02-26 19:00,Bana 9,90
Zenith 2026-02-25 - Bana 7,https://www.youtube.com/watch?v=erQDwtDv7R4,2026-02-25 20:30,Bana 7,110
Zenith 2026-02-25 - Bana 8,https://www.youtube.com/watch?v=rBOJsy1HjXc,2026-02-25 20:30,Bana 8,110
Zenith 2026-02-25 - Bana 8,https://www.youtube.com/watch?v=A2wXmmvPEe8,2026-02-25 20:30,Bana 8,110
Tränare Onsdag 17.00 våren 2026 2026-02-25 - Bana 9,https://www.youtube.com/watch?v=KsR2qiTpOFg,2026-02-25 17:00,Bana 9,90
Tränare Onsdag 17.00 våren 2026 2026-02-25 - Bana 9,https://www.youtube.com/watch?v=5UMskY54vbQ,2026-02-25 17:00,Bana 9,90
Tränare Onsdag 17.00 våren 2026 2026-02-25 - Bana 10,https://www.youtube.com/watch?v=CIcfhTgfKrM,2026-02-25 17:00,Bana 10,90
Tränare Onsdag 17.00 våren 2026 2026-02-25 - Bana 10,https://www.youtube.com/watch?v=g4yQiY7VkkU,2026-02-25 17:00,Bana 10,90
Sanity Check Stream,https://www.youtube.com/watch?v=-FLlhulq2uM,2026-02-25 12:36,Bana 4,20
Tränare Tisdag 17.00 våren 2026 2026-02-24 - Bana 7,https://www.youtube.com/watch?v=NJfua9MimgY,2026-02-24 17:00,Bana 7,90
Tränare Tisdag 17.00 våren 2026 2026-02-24 - Bana 8,https://www.youtube.com/watch?v=qJewU6x26jo,2026-02-24 17:00,Bana 8,90
Komet 2026-02-22 - Bana 10,https://www.youtube.com/watch?v=NSvX7EXHJxY,2026-02-22 18:30,Bana 10,120
Komet 2026-02-22 - Bana 7,https://www.youtube.com/watch?v=a9gg2sjVVGo,2026-02-22 18:30,Bana 7,120
Komet 2026-02-22 - Bana 8,https://www.youtube.com/watch?v=RQBDE9pdjVA,2026-02-22 18:30,Bana 8,120
Komet 2026-02-22 - Bana 9,https://www.youtube.com/watch?v=7y32qHdrX90,2026-02-22 18:30,Bana 9,120
Tränare Söndag 15.00 våren 2026 2026-02-22 - Bana 10,https://www.youtube.com/watch?v=v6_Ocjc2B8c,2026-02-22 15:00,Bana 10,90
Tränare Söndag 15.00 våren 2026 2026-02-22 - Bana 7,https://www.youtube.com/watch?v=c5rVqtmP7Oc,2026-02-22 15:00,Bana 7,90
Tränare Söndag 15.00 våren 2026 2026-02-22 - Bana 8,https://www.youtube.com/watch?v=2ybT6C68Y2I,2026-02-22 15:00,Bana 8,90
Tränare Söndag 15.00 våren 2026 2026-02-22 - Bana 9,https://www.youtube.com/watch?v=Ob1nhwYDCIs,2026-02-22 15:00,Bana 9,90
Final - Julia Fredriksson / Kajsa Edholm vs Maria Ziedorn / Lovisa Kjellman,https://www.youtube.com/watch?v=i0VKrZ30wqw,2026-02-21 17:25,Bana 8,90
Semi 1 - Julia Fredriksson / Kajsa Edholm vs Alicia Back / Olivia Arnberg,https://www.youtube.com/watch?v=r-51uV2WiZM,2026-02-21 16:50,Bana 4,90
Semi 2 - Åsa Zonabend / Veronica Norholl vs Maria Ziedorn / Lovisa Kjellman,https://www.youtube.com/watch?v=GYx4w4N8--w,2026-02-21 16:50,Bana 8,90
B - Quart 4 - Frida Nellros / Delia Daniele vs Lisa Falkenström / Astrid Malmrot,https://www.youtube.com/watch?v=dZ21ZkeU6oQ,2026-02-21 16:50,Bana 10,90
Quart 1 - Julia Fredriksson / Kajsa Edholm vs Maria Boberg / Ida Espmark Oldin,https://www.youtube.com/watch?v=5Bm5sLnCXpE,2026-02-21 16:15,Bana 4,90
Quart 2 - Hedwig Widegren / Viola Wikström vs Alicia Back / Olivia Arnberg,https://www.youtube.com/watch?v=aOOTUac3eoM,2026-02-21 16:15,Bana 10,90
Quart 3 - Åsa Zonabend / Veronica Norholl vs Victoria Tangas Malmgren / Isabella Mikkonen,https://www.youtube.com/watch?v=kzXof1R-_OU,2026-02-21 16:15,Bana 8,90
Quart 4 - Maxim Volkov / Johan Broman vs Erik Båth / Hannes Wålsten,https://www.youtube.com/watch?v=UDQrgKf-y7g,2026-02-21 16:15,Bana 9,90
Åttondel 1 - Elin Engström / Elisabeth Raschperger vs Maria Boberg / Ida Espmark Oldin,https://www.youtube.com/watch?v=1iujwu450uc,2026-02-21 15:40,Bana 4,90
B - Åttondel 1 - Frida Nilzén / Ann Vilhelmsson vs Jacqueline Jaconelli / Barbara Yano Alv,https://www.youtube.com/watch?v=UslgKwN82Tk,2026-02-21 15:40,Bana 10,90
B - Åttondel 2 - Lisa Falkenström / Astrid Malmrot vs Josefin Krantz / Alexandra Johansson,https://www.youtube.com/watch?v=Ojl9pLwNbyE,2026-02-21 15:40,Bana 8,90
Åttondel 2 - Henning Zettergren / Stefhan Jägare vs Erik Båth / Hannes Wålsten,https://www.youtube.com/watch?v=CY_qbbG-mNA,2026-02-21 15:40,Bana 9,90
Gruppspel - Anette Svensson / Susanna Tiainen vs Lisa Falkenström / Astrid Malmrot,https://www.youtube.com/watch?v=6PzqTc6Gxgg,2026-02-21 15:05,Bana 10,90
Gruppspel - Åsa Zonabend / Veronica Norholl vs Zey Özgirgin / Anna Svanberg,https://www.youtube.com/watch?v=IHKv2Nmotms,2026-02-21 14:30,Bana 8,90
Gruppspel - Julia Fredriksson / Kajsa Edholm vs Daniela Males / Nora Nilsson Öhrn,https://www.youtube.com/watch?v=KIVzp4Fo-m8,2026-02-21 13:55,Bana 4,90
Gruppspel - Åsa Zonabend / Veronica Norholl vs Elin Engström / Elisabeth Raschperger,https://www.youtube.com/watch?v=DJ24MSekVgQ,2026-02-21 13:55,Bana 8,90
Gruppspel - Frida Nilzén / Ann Vilhelmsson vs Zey Özgirgin / Anna Svanberg,https://www.youtube.com/watch?v=WrPgDkLtHv4,2026-02-21 13:20,Bana 8,90
Gruppspel - Åsa Zonabend / Veronica Norholl vs Frida Nilzén / Ann Vilhelmsson,https://www.youtube.com/watch?v=o0AN-offg9E,2026-02-21 12:45,Bana 8,90
Gruppspel - Daniela Males / Nora Nilsson Öhrn vs Josefin Krantz / Alexandra Johansson,https://www.youtube.com/watch?v=rHjsjsfG0f0,2026-02-21 12:10,Bana 4,90
Gruppspel - Elin Engström / Elisabeth Raschperger vs Zey Özgirgin / Anna Svanberg,https://www.youtube.com/watch?v=Gcv4JtLslwM,2026-02-21 12:10,Bana 8,90
Zenith 2026-02-18 - Bana 7,https://www.youtube.com/watch?v=veTb8nP7f0I,2026-02-18 20:30,Bana 7,110
Zenith 2026-02-18 - Bana 8,https://www.youtube.com/watch?v=acnHBIDugRg,2026-02-18 20:30,Bana 8,110
Tränare Onsdag 17.00 våren 2026 2026-02-18 - Bana 9,https://www.youtube.com/watch?v=L2dJ4rNv_oA,2026-02-18 17:00,Bana 9,90
Tränare Onsdag 17.00 våren 2026 2026-02-18 - Bana 10,https://www.youtube.com/watch?v=XkedP_P-35o,2026-02-18 17:00,Bana 10,90
studentbeach (David testar) - Bana 8,https://www.youtube.com/watch?v=EB3vDCLAdKo,2026-02-18 09:35,Bana 8,90
studentbeach (David testar) - Bana 7,https://www.youtube.com/watch?v=BpuZqaV3ayY,2026-02-18 09:35,Bana 7,90
studentbeach (David testar) - Bana 9,https://www.youtube.com/watch?v=nyRRgC1nOSE,2026-02-18 09:35,Bana 9,90
Tränare Tisdag 20.30 våren 2026 2026-02-17,https://www.youtube.com/watch?v=RZbqShV8huU,2026-02-17 20:30,Bana 8,90
Tränare Tisdag 17.00 våren 2026 2026-02-17 - Bana 7,https://www.youtube.com/watch?v=aH1etl3PeGA,2026-02-17 17:00,Bana 7,90
Tränare Tisdag 17.00 våren 2026 2026-02-17 - Bana 8,https://www.youtube.com/watch?v=LX5PegHURNY,2026-02-17 17:00,Bana 8,90
Tränare Måndag 20.30 våren 2026 2026-02-16 - Bana 10,https://www.youtube.com/watch?v=CuHECZXqmNw,2026-02-16 20:30,Bana 10,90
Tränare Måndag 20.30 våren 2026 2026-02-16 - Bana 8,https://www.youtube.com/watch?v=j_Dpe8kKeoo,2026-02-16 20:30,Bana 8,90
Tränare Måndag 20.30 våren 2026 2026-02-16 - Bana 9,https://www.youtube.com/watch?v=hgR5fBXKrq4,2026-02-16 20:30,Bana 9,90
Smaragd 2026-02-16,https://www.youtube.com/watch?v=zV6bmHlrcCM,2026-02-16 20:30,Bana 7,90
Tränare Måndag 19.00 våren 2026 2026-02-16 - Bana 10,https://www.youtube.com/watch?v=zS0zrHry_1g,2026-02-16 19:00,Bana 10,90
Tränare Måndag 19.00 våren 2026 2026-02-16 - Bana 8,https://www.youtube.com/watch?v=zR9hvuoMRj4,2026-02-16 19:00,Bana 8,90
Tränare Måndag 19.00 våren 2026 2026-02-16 - Bana 9,https://www.youtube.com/watch?v=sDxXJ3GmTW0,2026-02-16 19:00,Bana 9,90
Sirius 2026-02-16,https://www.youtube.com/watch?v=5uvdNP2i788,2026-02-16 19:00,Bana 7,90
Tränare Måndag 17.00 våren 2026 2026-02-16 - Bana 7,https://www.youtube.com/watch?v=gym1eEpxGPQ,2026-02-16 17:00,Bana 7,120
Tränare Måndag 17.00 våren 2026 2026-02-16 - Bana 8,https://www.youtube.com/watch?v=_IoWxvKxhx4,2026-02-16 17:00,Bana 8,120
Tränare Måndag 17.00 våren 2026 2026-02-16 - Bana 9,https://www.youtube.com/watch?v=j4blhh2UQzk,2026-02-16 17:00,Bana 9,120
Komet 2026-02-15 - Bana 10,https://www.youtube.com/watch?v=-9E6_ploFss,2026-02-15 18:30,Bana 10,120
Komet 2026-02-15 - Bana 7,https://www.youtube.com/watch?v=qUxNtn3-LCk,2026-02-15 18:30,Bana 7,120
Komet 2026-02-15 - Bana 8,https://www.youtube.com/watch?v=CqkLW63_VpU,2026-02-15 18:30,Bana 8,120
Komet 2026-02-15 - Bana 9,https://www.youtube.com/watch?v=d00we4jiub0,2026-02-15 18:30,Bana 9,120
Tränare Söndag 15.00 våren 2026 2026-02-15 - Bana 7,https://www.youtube.com/watch?v=EF59gd7I27w,2026-02-15 15:00,Bana 7,90
Tränare Söndag 15.00 våren 2026 2026-02-15 - Bana 8,https://www.youtube.com/watch?v=nIU0ln2GhA0,2026-02-15 15:00,Bana 8,90
Zenith 2026-02-11 - Bana 7,https://www.youtube.com/watch?v=-bJZbTEIt4Q,2026-02-11 20:30,Bana 7,110
Zenith 2026-02-11 - Bana 8,https://www.youtube.com/watch?v=iIJu6T2W4oU,2026-02-11 20:30,Bana 8,110
Tränare Onsdag 17.00 våren 2026 2026-02-11 - Bana 9,https://www.youtube.com/watch?v=1MuM0ICoIZ8,2026-02-11 17:49,Bana 9,90
Tränare Onsdag 17.00 våren 2026 2026-02-11 - Bana 10,https://www.youtube.com/watch?v=97mrJUDHHds,2026-02-11 17:49,Bana 10,90
Tränare Tisdag 20.30 våren 2026 2026-02-10,https://www.youtube.com/watch?v=KLy1--dfxl8,2026-02-10 20:30,Bana 8,90
Tränare Tisdag 17.00 våren 2026 2026-02-10 - Bana 7,https://www.youtube.com/watch?v=Eh1Os0-N-kM,2026-02-10 17:00,Bana 7,90
Tränare Tisdag 17.00 våren 2026 2026-02-10 - Bana 8,https://www.youtube.com/watch?v=rO1wgqTLK6k,2026-02-10 17:00,Bana 8,90
Tränare Måndag 20.30 våren 2026 2026-02-09 - Bana 10,https://www.youtube.com/watch?v=2G9rXa3_wMA,2026-02-09 20:30,Bana 10,90
Tränare Måndag 20.30 våren 2026 2026-02-09 - Bana 8,https://www.youtube.com/watch?v=MadEtZj8W2c,2026-02-09 20:30,Bana 8,90
Tränare Måndag 20.30 våren 2026 2026-02-09 - Bana 9,https://www.youtube.com/watch?v=TAHMbAgQMxY,2026-02-09 20:30,Bana 9,90
Smaragd 2026-02-09,https://www.youtube.com/watch?v=b1c2wYEQ_uE,2026-02-09 20:30,Bana 7,90
Tränare Måndag 19.00 våren 2026 2026-02-09 - Bana 10,https://www.youtube.com/watch?v=uLBsZMbPnxA,2026-02-09 19:00,Bana 10,90
Tränare Måndag 19.00 våren 2026 2026-02-09 - Bana 8,https://www.youtube.com/watch?v=ugcuWUufnKQ,2026-02-09 19:00,Bana 8,90
Tränare Måndag 19.00 våren 2026 2026-02-09 - Bana 9,https://www.youtube.com/watch?v=Xr_A277ttM8,2026-02-09 19:00,Bana 9,90
Sirius 2026-02-09,https://www.youtube.com/watch?v=e1hJGGdx_E0,2026-02-09 19:00,Bana 7,90
Tränare Måndag 17.00 våren 2026 2026-02-09 - Bana 7,https://www.youtube.com/watch?v=TuRqGLxSLjA,2026-02-09 17:00,Bana 7,120
Tränare Måndag 17.00 våren 2026 2026-02-09 - Bana 8,https://www.youtube.com/watch?v=LcgXliurMWs,2026-02-09 17:00,Bana 8,120
Tränare Måndag 17.00 våren 2026 2026-02-09 - Bana 9,https://www.youtube.com/watch?v=g81A27SUzLw,2026-02-09 17:00,Bana 9,120
Komet 2026-02-08 - Bana 10,https://www.youtube.com/watch?v=pn6ObyqM7Bc,2026-02-08 18:30,Bana 10,120
Komet 2026-02-08 - Bana 7,https://www.youtube.com/watch?v=or_6ea7F188,2026-02-08 18:30,Bana 7,120
Komet 2026-02-08 - Bana 8,https://www.youtube.com/watch?v=CrXR5w4xcE0,2026-02-08 18:30,Bana 8,120
Komet 2026-02-08 - Bana 9,https://www.youtube.com/watch?v=WUMHWL2Oqos,2026-02-08 18:30,Bana 9,120
Tränare Söndag 15.00 våren 2026 2026-02-08 - Bana 7,https://www.youtube.com/watch?v=E-fpxKaVaWA,2026-02-08 15:00,Bana 7,90
Tränare Söndag 15.00 våren 2026 2026-02-08 - Bana 8,https://www.youtube.com/watch?v=IrZihFIpd9A,2026-02-08 15:00,Bana 8,90
Final - Rasmus Bodén / Theo Hiller vs Manne Norman / Mårten Norman,https://www.youtube.com/watch?v=9IBj64edKEM,2026-02-07 19:30,Bana 8,90
Final - Sanna Thurin / Emma Haglund vs Tina Thurin / Ingrid Axland,https://www.youtube.com/watch?v=fVz8yByo5KY,2026-02-07 18:45,Bana 8,90
Semi 1 - Sanna Thurin / Emma Haglund vs Lina Russo / Camilla Nilsson,https://www.youtube.com/watch?v=4Rk5yS0mmvg,2026-02-07 15:10,Bana 4,90
Semi 2 - Tina Thurin / Ingrid Axland vs Sofia Russo / Amanda Östberg,https://www.youtube.com/watch?v=JDe1U5T_m4s,2026-02-07 15:10,Bana 8,90
Semi 1 - Fabian Ramén / Pavle Cani vs Rasmus Bodén / Theo Hiller,https://www.youtube.com/watch?v=5GbiTGgzTPg,2026-02-07 15:10,Bana 9,90
Kvart 1 - Sanna Thurin / Emma Haglund vs Milagros Llenas / Desiree Yrwing,https://www.youtube.com/watch?v=-tXmu7g9Fsw,2026-02-07 14:25,Bana 4,90
Kvart 2 - Lina Russo / Camilla Nilsson vs Elin Nordmark / Jessica Airey,https://www.youtube.com/watch?v=W7p4LFYFNwY,2026-02-07 14:25,Bana 10,90
Kvart 3 - Tina Thurin / Ingrid Axland vs Sigrid Sjölin / Sofia Thurin,https://www.youtube.com/watch?v=m8858tDQeII,2026-02-07 14:25,Bana 8,90
Kvart 2 - Rasmus Bodén / Theo Hiller vs Teodor Norup / Jon Jonze,https://www.youtube.com/watch?v=L3KJP1qxWzk,2026-02-07 14:25,Bana 9,90
Kvart 3 - Alfred Mjörnheim / Livio Jaconelli vs Rasmus Eklund / Eivind Stenström,https://www.youtube.com/watch?v=baA76jq_gwM,2026-02-07 14:25,Bana 7,90
Åttondel 1 - Irma Mtabingwa Demilo / Lova Hägglund vs Milagros Llenas / Desiree Yrwing,https://www.youtube.com/watch?v=JEUanhu3h-c,2026-02-07 13:40,Bana 4,90
Åttondel 2 - Elin Nordmark / Jessica Airey vs Malin Axland / Anna Thollander,https://www.youtube.com/watch?v=EKdGF7YKRww,2026-02-07 13:40,Bana 10,90
Åttondel 3 - Louise Eklund / Cornelia Björkquist vs Sigrid Sjölin / Sofia Thurin,https://www.youtube.com/watch?v=PjOhGDJuB6c,2026-02-07 13:40,Bana 8,90
Åttondel 2 - Nicklas Berger / Simon Bosell Klyvare vs Teodor Norup / Jon Jonze,https://www.youtube.com/watch?v=w39IXXVWP5o,2026-02-07 13:40,Bana 9,90
Åttondel 3 - Rasmus Eklund / Eivind Stenström vs Robin Persson Turegård / Mikael Lidström,https://www.youtube.com/watch?v=rkgvi3Ygke4,2026-02-07 13:40,Bana 7,90
Gruppspel - Anna Hjärpe / Karin Backström vs Milagros Llenas / Desiree Yrwing,https://www.youtube.com/watch?v=FohpfEXmhWE,2026-02-07 12:55,Bana 8,90
Gruppspel - Karin Leander / Sara Lindberg vs Sigrid Sjölin / Sofia Thurin,https://www.youtube.com/watch?v=bQINzjOOW0c,2026-02-07 12:55,Bana 10,90
Gruppspel - Max Attevall / Hannes Bleymann vs Mille Sahlberg Linder / Ossian Öhman,https://www.youtube.com/watch?v=FLzNcb6-QrA,2026-02-07 12:55,Bana 7,90
Gruppspel - Robin Persson Turegård / Mikael Lidström vs Martin Taxén / Manne Welin,https://www.youtube.com/watch?v=77OYYu4qot8,2026-02-07 12:55,Bana 9,90
Gruppspel - Amanda Norman / Johanna Rönnblom vs Louise Eklund / Cornelia Björkquist,https://www.youtube.com/watch?v=MhCbQlughm4,2026-02-07 12:10,Bana 4,90
Gruppspel - Tina Thurin / Ingrid Axland vs Elin Nordmark / Jessica Airey,https://www.youtube.com/watch?v=FjJfZJwO6-Y,2026-02-07 12:10,Bana 8,90
Gruppspel - Lina Russo / Camilla Nilsson vs Emilia Berg / Maja Berg,https://www.youtube.com/watch?v=_Id4-OyZF6w,2026-02-07 12:10,Bana 10,90
Gruppspel - Alfred Mjörnheim / Livio Jaconelli vs Nicklas Berger / Simon Bosell Klyvare,https://www.youtube.com/watch?v=w5W-BB8ErLA,2026-02-07 12:10,Bana 7,90
Gruppspel - Viktor Jonsson / Gustav Westergren vs Rasmus Bodén / Theo Hiller,https://www.youtube.com/watch?v=eQGFlS6apIM,2026-02-07 12:10,Bana 9,90
Gruppspel - Louise Eklund / Cornelia Björkquist vs Sanna Thurin / Emma Haglund,https://www.youtube.com/watch?v=qZvOZ4d8-IA,2026-02-07 11:25,Bana 4,90
Gruppspel - Elin Nordmark / Jessica Airey vs Milagros Llenas / Desiree Yrwing,https://www.youtube.com/watch?v=7NM3qTabm3g,2026-02-07 11:25,Bana 8,90
Gruppspel - Emilia Berg / Maja Berg vs Sigrid Sjölin / Sofia Thurin,https://www.youtube.com/watch?v=mTLdFtYaW_Q,2026-02-07 11:25,Bana 10,90
Gruppspel - Mille Sahlberg Linder / Ossian Öhman vs Nicklas Berger / Simon Bosell Klyvare,https://www.youtube.com/watch?v=zU5y-9_1YZ8,2026-02-07 11:25,Bana 7,90
Gruppspel - Rasmus Bodén / Theo Hiller vs Martin Taxén / Manne Welin,https://www.youtube.com/watch?v=7bEv_6BpX5k,2026-02-07 11:25,Bana 9,90
Gruppspel - Sanna Thurin / Emma Haglund vs Amanda Norman / Johanna Rönnblom,https://www.youtube.com/watch?v=raG0c8pS8zU,2026-02-07 10:40,Bana 4,90
Gruppspel - Tina Thurin / Ingrid Axland vs Anna Hjärpe / Karin Backström,https://www.youtube.com/watch?v=5aIpQ4AzyOU,2026-02-07 10:40,Bana 8,90
Gruppspel - Lina Russo / Camilla Nilsson vs Karin Leander / Sara Lindberg,https://www.youtube.com/watch?v=SyVNUkf8xZA,2026-02-07 10:40,Bana 10,90
Gruppspel - Alfred Mjörnheim / Livio Jaconelli vs Max Attevall / Hannes Bleymann,https://www.youtube.com/watch?v=TBIVKoWraQY,2026-02-07 10:40,Bana 7,90
Gruppspel - Viktor Jonsson / Gustav Westergren vs Robin Persson Turegård / Mikael Lidström,https://www.youtube.com/watch?v=6WAzcoSSYUs,2026-02-07 10:40,Bana 9,90
Zenith 2026-02-04 - Bana 7,https://www.youtube.com/watch?v=vicG9lO3tZU,2026-02-04 20:30,Bana 7,110
Zenith 2026-02-04 - Bana 8,https://www.youtube.com/watch?v=U9GCDrEWw50,2026-02-04 20:30,Bana 8,110
Tränare Tisdag 20.30 våren 2026 2026-02-03,https://www.youtube.com/watch?v=AjYv8jnds4U,2026-02-03 20:30,Bana 8,90
Tränare Tisdag 17.00 våren 2026 2026-02-03 - Bana 7,https://www.youtube.com/watch?v=H2Fk2-t3b_s,2026-02-03 17:00,Bana 7,90
Tränare Tisdag 17.00 våren 2026 2026-02-03 - Bana 8,https://www.youtube.com/watch?v=S8r5WfyRnRM,2026-02-03 17:00,Bana 8,90
Tränare Måndag 20.30 våren 2026 2026-02-02 - Bana 10,https://www.youtube.com/watch?v=4XWUndZd8Bc,2026-02-02 20:30,Bana 10,90
Tränare Måndag 20.30 våren 2026 2026-02-02 - Bana 8,https://www.youtube.com/watch?v=kDDNVmyq1q4,2026-02-02 20:30,Bana 8,90
Tränare Måndag 20.30 våren 2026 2026-02-02 - Bana 9,https://www.youtube.com/watch?v=brubcylBvtc,2026-02-02 20:30,Bana 9,90
Smaragd 2026-02-02,https://www.youtube.com/watch?v=iV6FMP--Bc0,2026-02-02 20:30,Bana 7,90
Tränare Måndag 19.00 våren 2026 2026-02-02 - Bana 10,https://www.youtube.com/watch?v=dW6jvnASkzk,2026-02-02 19:00,Bana 10,90
Tränare Måndag 19.00 våren 2026 2026-02-02 - Bana 8,https://www.youtube.com/watch?v=RE-z7t5WM-o,2026-02-02 19:00,Bana 8,90
Tränare Måndag 19.00 våren 2026 2026-02-02 - Bana 9,https://www.youtube.com/watch?v=9pWHC7Q0L6Q,2026-02-02 19:00,Bana 9,90
Sirius 2026-02-02,https://www.youtube.com/watch?v=z9DqoqVy3VI,2026-02-02 19:00,Bana 7,90
Tränare Måndag 17.00 våren 2026 2026-02-02 - Bana 7,https://www.youtube.com/watch?v=w-wRUhQTxDA,2026-02-02 17:00,Bana 7,120
Tränare Måndag 17.00 våren 2026 2026-02-02 - Bana 8,https://www.youtube.com/watch?v=gGpZZRpDdUc,2026-02-02 17:00,Bana 8,120
Tränare Måndag 17.00 våren 2026 2026-02-02 - Bana 9,https://www.youtube.com/watch?v=kmXSJdnjzho,2026-02-02 17:00,Bana 9,120
Komet 2026-02-01 - Bana 10,https://www.youtube.com/watch?v=gobcxLr68k8,2026-02-01 18:30,Bana 10,120
Komet 2026-02-01 - Bana 7,https://www.youtube.com/watch?v=c71TqkoEj6s,2026-02-01 18:30,Bana 7,120
Komet 2026-02-01 - Bana 8,https://www.youtube.com/watch?v=gitsWCots_I,2026-02-01 18:30,Bana 8,120
Komet 2026-02-01 - Bana 9,https://www.youtube.com/watch?v=DEqXEHYTxZ8,2026-02-01 18:30,Bana 9,120
Tränare Söndag 15.00 våren 2026 2026-02-01 - Bana 7,https://www.youtube.com/watch?v=Y2Ps3nX9dos,2026-02-01 15:00,Bana 7,90
Tränare Söndag 15.00 våren 2026 2026-02-01 - Bana 8,https://www.youtube.com/watch?v=nsUIGePixAs,2026-02-01 15:00,Bana 8,90
B - Final - Tilly Fransson / Felicia Lorentzen vs Vilma Rocio Ramirez Abrego / Iryna Koval,https://www.youtube.com/watch?v=73xAzjVeVw4,2026-01-31 19:45,Bana 9,90
Final - Isabella Mikkonen / Karolina Mikkonen vs Eva Baggström / Julia Gustavsson Örn,https://www.youtube.com/watch?v=psBImLwx22I,2026-01-31 19:00,Bana 7,90
B - Semi 1 - Frida Nilzén / Ann Vilhelmsson vs Tilly Fransson / Felicia Lorentzen,https://www.youtube.com/watch?v=HTQ40mVgVIc,2026-01-31 19:00,Bana 9,90
B - Semi 2 - Vilma Rocio Ramirez Abrego / Iryna Kovalenko vs Eva Iveroth / Ulrika Langels,https://www.youtube.com/watch?v=lTqtq7g7KZc,2026-01-31 19:00,Bana 10,90
Semi 1 - Åsa Zonabend / Kathryn Franzén vs Isabella Mikkonen / Karolina Mikkonen,https://www.youtube.com/watch?v=7fa54ho2bcg,2026-01-31 18:15,Bana 7,90
Semi 2 - Eva Baggström / Julia Gustavsson Örn vs Julia Fredriksson / Maria Ziedorn,https://www.youtube.com/watch?v=NAUaX7Enbzc,2026-01-31 18:15,Bana 8,90
B - Quart 3 - Eva Iveroth / Ulrika Langels vs Naime Sürenkök / Elmira Alexanderson,https://www.youtube.com/watch?v=4Q6P8KZSkJQ,2026-01-31 18:15,Bana 9,90
Semi 2 - Emil Wennersten / Vidar Hollinger vs Samuel Sundquist / Krister Sundquist,https://www.youtube.com/watch?v=D9PgGrsg468,2026-01-31 18:15,Bana 4,90
Quart 1 - Åsa Zonabend / Kathryn Franzén vs Anneli Bogren / Nancy Lai,https://www.youtube.com/watch?v=3wTb4hzml4Y,2026-01-31 17:30,Bana 7,90
Quart 2 - Elin Engström / Sara Raschperger vs Isabella Mikkonen / Karolina Mikkonen,https://www.youtube.com/watch?v=cb7V9SYv8Zs,2026-01-31 17:30,Bana 10,90
Quart 3 - Eva Baggström / Julia Gustavsson Örn vs Hedwig Widegren / Atrisa Ahmadi,https://www.youtube.com/watch?v=NrTyLyM07Vw,2026-01-31 17:30,Bana 9,90
Quart 4 - Julia Fredriksson / Maria Ziedorn vs Margit Haugholt / Frida Oelrich,https://www.youtube.com/watch?v=1NZuEoHiuCs,2026-01-31 17:30,Bana 8,90
Quart 1 - Mikael Lindahl / Jonas Pettersson vs Felix Sjögren / Anton Cakste,https://www.youtube.com/watch?v=01BDZXdJqfo,2026-01-31 17:30,Bana 4,90
Åttondel 1 - Anneli Bogren / Nancy Lai vs Maria Boberg / Ida Espmark Oldin,https://www.youtube.com/watch?v=rV6FsVpfajY,2026-01-31 16:45,Bana 7,90
Åttondel 2 - Anette Svensson / Susanna Tiainen vs Margit Haugholt / Frida Oelrich,https://www.youtube.com/watch?v=_NXaMki-Td0,2026-01-31 16:45,Bana 8,90
B - Quart 1 - Tilly Fransson / Felicia Lorentzen vs Jacqueline Jaconelli / Barbara Yano Al,https://www.youtube.com/watch?v=8gBt7CeG76k,2026-01-31 16:45,Bana 9,90
B - Quart 2 - Vilma Rocio Ramirez Abrego / Iryna Kovalenko vs Anna Svanberg / Zey Özgirgin,https://www.youtube.com/watch?v=PbafFR_Fk0M,2026-01-31 16:45,Bana 10,90
Åttondel 1 - Johan Broman / Leonardo Broman Klemming vs Felix Sjögren / Anton Cakste,https://www.youtube.com/watch?v=i4zU5Gmq97A,2026-01-31 16:45,Bana 4,90
Gruppspel - Joacim Danielsson / Erik Båth vs Christian Wigren / Johan Hyltner,https://www.youtube.com/watch?v=Kz-6xoy4kB0,2026-01-31 16:00,Bana 4,90
Gruppspel - Anette Svensson / Susanna Tiainen vs Anna Svanberg / Zey Özgirgin,https://www.youtube.com/watch?v=hYObLyuzZ0Q,2026-01-31 16:00,Bana 9,90
Gruppspel - Vilma Rocio Ramirez Abrego / Iryna Kovalenko vs Anneli Bogren / Nancy Lai,https://www.youtube.com/watch?v=VYn0u_PjkWo,2026-01-31 15:15,Bana 7,90
Gruppspel - Mattias Dammander Åberg / Johan Walkey vs Elias Agnoletto Thorhard / Anton Ald,https://www.youtube.com/watch?v=3wK0V2vb8fA,2026-01-31 15:15,Bana 4,90
Gruppspel - Isabella Mikkonen / Karolina Mikkonen vs Tilly Fransson / Felicia Lorentzen,https://www.youtube.com/watch?v=lKyQFAe-_Ss,2026-01-31 15:15,Bana 9,90
Gruppspel - Frida Nilzén / Ann Vilhelmsson vs Margit Haugholt / Frida Oelrich,https://www.youtube.com/watch?v=o3Fe3riLQ3g,2026-01-31 14:30,Bana 7,90
Gruppspel - Maria Boberg / Ida Espmark Oldin vs Eva Iveroth / Ulrika Langels,https://www.youtube.com/watch?v=PVR7b25AD3k,2026-01-31 14:30,Bana 8,90
Gruppspel - Mattias Dammander Åberg / Johan Walkey vs Joacim Danielsson / Erik Båth,https://www.youtube.com/watch?v=NX_irLIfmqI,2026-01-31 14:30,Bana 4,90
Gruppspel - Eva Iveroth / Ulrika Langels vs Julia Fredriksson / Maria Ziedorn,https://www.youtube.com/watch?v=5inVT6kiQ24,2026-01-31 13:45,Bana 8,90
Gruppspel - Anneli Bogren / Nancy Lai vs Eva Baggström / Julia Gustavsson Örn,https://www.youtube.com/watch?v=7l9-Xl2gowo,2026-01-31 13:45,Bana 7,90
Gruppspel - Margit Haugholt / Frida Oelrich vs Åsa Zonabend / Kathryn Franzén,https://www.youtube.com/watch?v=6Io7FzYTiOM,2026-01-31 13:00,Bana 7,90
Gruppspel - Eva Baggström / Julia Gustavsson Örn vs Vilma Rocio Ramirez Abrego / Iryna Kov,https://www.youtube.com/watch?v=j0RFOLv2Gm4,2026-01-31 13:00,Bana 8,90
Gruppspel - Åsa Zonabend / Kathryn Franzén vs Frida Nilzén / Ann Vilhelmsson,https://www.youtube.com/watch?v=UH0aI-5gLMo,2026-01-31 12:15,Bana 7,90
Gruppspel - Julia Fredriksson / Maria Ziedorn vs Maria Boberg / Ida Espmark Oldin,https://www.youtube.com/watch?v=90S0JxnRrTc,2026-01-31 12:15,Bana 8,90
Zenith 2026-01-28 - Bana 7,https://www.youtube.com/watch?v=eIyYBgRu25M,2026-01-28 20:30,Bana 7,110
Zenith 2026-01-28 - Bana 8,https://www.youtube.com/watch?v=Oz864ujdwxw,2026-01-28 20:30,Bana 8,110
Tränare Tisdag 20.30 våren 2026 2026-01-27,https://www.youtube.com/watch?v=S7hbXJ4tw5g,2026-01-27 20:30,Bana 8,90
Tränare Tisdag 17.00 våren 2026 2026-01-27 - Bana 7,https://www.youtube.com/watch?v=tEMQpbpwjwI,2026-01-27 17:00,Bana 7,90
Tränare Tisdag 17.00 våren 2026 2026-01-27 - Bana 8,https://www.youtube.com/watch?v=yv90SrbTgOE,2026-01-27 17:00,Bana 8,90
Tränare Måndag 20.30 våren 2026 2026-01-26 - Bana 10,https://www.youtube.com/watch?v=Rw_OTyiqO48,2026-01-26 20:30,Bana 10,90
Tränare Måndag 20.30 våren 2026 2026-01-26 - Bana 8,https://www.youtube.com/watch?v=RVmoT-TXqMY,2026-01-26 20:30,Bana 8,90
Tränare Måndag 20.30 våren 2026 2026-01-26 - Bana 9,https://www.youtube.com/watch?v=AJRBaCpBl6g,2026-01-26 20:30,Bana 9,90
Smaragd 2026-01-26,https://www.youtube.com/watch?v=eCSYURCdlO4,2026-01-26 20:30,Bana 7,90
Tränare Måndag 19.00 våren 2026 2026-01-26 - Bana 10,https://www.youtube.com/watch?v=nD59mh2L0ZU,2026-01-26 19:00,Bana 10,90
Tränare Måndag 19.00 våren 2026 2026-01-26 - Bana 8,https://www.youtube.com/watch?v=jZXqlWKBrSg,2026-01-26 19:00,Bana 8,90
Tränare Måndag 19.00 våren 2026 2026-01-26 - Bana 9,https://www.youtube.com/watch?v=9k9FMIRNqlc,2026-01-26 19:00,Bana 9,90
Sirius 2026-01-26,https://www.youtube.com/watch?v=VS0Yu-hi_JM,2026-01-26 19:00,Bana 7,90
Tränare Måndag 17.00 våren 2026 2026-01-26 - Bana 7,https://www.youtube.com/watch?v=A1ckVweOV08,2026-01-26 17:00,Bana 7,120
Tränare Måndag 17.00 våren 2026 2026-01-26 - Bana 8,https://www.youtube.com/watch?v=kXlyYb7jXnI,2026-01-26 17:00,Bana 8,120
Tränare Måndag 17.00 våren 2026 2026-01-26 - Bana 9,https://www.youtube.com/watch?v=1wIYkjqgCEs,2026-01-26 17:00,Bana 9,120
Komet 2026-01-25 - Bana 10,https://www.youtube.com/watch?v=dCgJoR2Xbqw,2026-01-25 18:30,Bana 10,120
Komet 2026-01-25 - Bana 7,https://www.youtube.com/watch?v=t7Q6OGySloQ,2026-01-25 18:30,Bana 7,120
Komet 2026-01-25 - Bana 8,https://www.youtube.com/watch?v=JWEaY2gXIuk,2026-01-25 18:30,Bana 8,120
Komet 2026-01-25 - Bana 9,https://www.youtube.com/watch?v=pP21VQ3mcdU,2026-01-25 18:30,Bana 9,120
Tränare Söndag 15.00 våren 2026 2026-01-25 - Bana 7,https://www.youtube.com/watch?v=LKh7pIaTjuQ,2026-01-25 15:00,Bana 7,90
Tränare Söndag 15.00 våren 2026 2026-01-25 - Bana 8,https://www.youtube.com/watch?v=tSL46cKbn3Q,2026-01-25 15:00,Bana 8,90
Zenith 2026-01-21 - Bana 7,https://www.youtube.com/watch?v=AGx95zzoCz0,2026-01-21 20:30,Bana 7,110
Zenith 2026-01-21 - Bana 8,https://www.youtube.com/watch?v=T9O0FtfLKl4,2026-01-21 20:30,Bana 8,110
Tränare Tisdag 20.30 våren 2026 2026-01-20,https://www.youtube.com/watch?v=FS7zt_FsOvs,2026-01-20 20:30,Bana 8,90
Tränare Tisdag 17.00 våren 2026 2026-01-20 - Bana 7,https://www.youtube.com/watch?v=SSec5i4LQmk,2026-01-20 17:00,Bana 7,90
Tränare Tisdag 17.00 våren 2026 2026-01-20 - Bana 8,https://www.youtube.com/watch?v=rwL9TfG7zQQ,2026-01-20 17:00,Bana 8,90
Tränare Måndag 20.30 våren 2026 2026-01-19 - Bana 10,https://www.youtube.com/watch?v=rkYG1j2qILw,2026-01-19 20:30,Bana 10,90
Tränare Måndag 20.30 våren 2026 2026-01-19 - Bana 8,https://www.youtube.com/watch?v=zd3VSuOYNg4,2026-01-19 20:30,Bana 8,90
Tränare Måndag 20.30 våren 2026 2026-01-19 - Bana 9,https://www.youtube.com/watch?v=sY9CXA7hISc,2026-01-19 20:30,Bana 9,90
Smaragd 2026-01-19,https://www.youtube.com/watch?v=4hZTInoL54o,2026-01-19 20:30,Bana 7,90
Tränare Måndag 17.00 våren 2026 2026-01-19 - Bana 7,https://www.youtube.com/watch?v=J5NIw1n4xfk,2026-01-19 17:00,Bana 7,120
Tränare Måndag 17.00 våren 2026 2026-01-19 - Bana 8,https://www.youtube.com/watch?v=sn--x4TnLb8,2026-01-19 17:00,Bana 8,120
Tränare Måndag 17.00 våren 2026 2026-01-19 - Bana 9,https://www.youtube.com/watch?v=-0y4_0ljG90,2026-01-19 17:00,Bana 9,120
Komet 2026-01-18 - Bana 10,https://www.youtube.com/watch?v=Lpx5Sg3WNGo,2026-01-18 18:30,Bana 10,120
Komet 2026-01-18 - Bana 7,https://www.youtube.com/watch?v=TeKJYqv4ScQ,2026-01-18 18:30,Bana 7,120
Komet 2026-01-18 - Bana 8,https://www.youtube.com/watch?v=M2jSudLd7ho,2026-01-18 18:30,Bana 8,120
Komet 2026-01-18 - Bana 9,https://www.youtube.com/watch?v=o2t_3ioow80,2026-01-18 18:30,Bana 9,120
Tränare Söndag 15.00 våren 2026 2026-01-18 - Bana 7,https://www.youtube.com/watch?v=ADJX3l1PvOU,2026-01-18 15:00,Bana 7,90
Tränare Söndag 15.00 våren 2026 2026-01-18 - Bana 8,https://www.youtube.com/watch?v=VTCKvRnY1VQ,2026-01-18 15:00,Bana 8,90
Zenith 2026-01-14 - Bana 7,https://www.youtube.com/watch?v=HMf2tKvT_Rg,2026-01-14 20:30,Bana 7,110
Zenith 2026-01-14 - Bana 8,https://www.youtube.com/watch?v=tN8-Gs4FweE,2026-01-14 20:30,Bana 8,110
Tränare Tisdag 20.30 våren 2026 2026-01-13,https://www.youtube.com/watch?v=BBmq95BC77E,2026-01-13 20:30,Bana 8,90
Tränare Tisdag 17.00 våren 2026 2026-01-13 - Bana 7,https://www.youtube.com/watch?v=Wu8dzofJqSY,2026-01-13 17:00,Bana 7,90
Tränare Tisdag 17.00 våren 2026 2026-01-13 - Bana 8,https://www.youtube.com/watch?v=iES5Wt2VWrQ,2026-01-13 17:00,Bana 8,90
Tränare Måndag 20.30 våren 2026 2026-01-12,https://www.youtube.com/watch?v=ICdBd-TwUK0,2026-01-12 20:30,Bana 8,90
Tränare Måndag 20.30 våren 2026 2026-01-12 - Bana 10,https://www.youtube.com/watch?v=NEv9sCp72zo,2026-01-12 20:30,Bana 10,90
Tränare Måndag 20.30 våren 2026 2026-01-12 - Bana 9,https://www.youtube.com/watch?v=qGjKSgnRzak,2026-01-12 20:30,Bana 9,90
Smaragd 2026-01-12,https://www.youtube.com/watch?v=H92SsvP-ZQc,2026-01-12 20:30,Bana 7,90
Tränare Måndag 17.00 våren 2026 2026-01-12 - Bana 7,https://www.youtube.com/watch?v=cexzsrbYMvo,2026-01-12 17:00,Bana 7,120
Tränare Måndag 17.00 våren 2026 2026-01-12 - Bana 8,https://www.youtube.com/watch?v=b3dnmaudBHI,2026-01-12 17:00,Bana 8,120
Komet 2026-01-11 - Bana 10,https://www.youtube.com/watch?v=GxwIETznIm4,2026-01-11 18:30,Bana 10,120
Komet 2026-01-11 - Bana 7,https://www.youtube.com/watch?v=OAfbZRer0zc,2026-01-11 18:30,Bana 7,120
Komet 2026-01-11 - Bana 8,https://www.youtube.com/watch?v=aPKije6tk0U,2026-01-11 18:30,Bana 8,120
Komet 2026-01-11 - Bana 9,https://www.youtube.com/watch?v=HniCE9wp9ek,2026-01-11 18:30,Bana 9,120
Final - Anna Hjärpe / Johanna Frost vs Marike Boger / Iman Kalmoni,https://www.youtube.com/watch?v=IeDK6YMKgOI,2026-01-10 16:30,Bana 4,90
Semi 2 - Ulrika Sanders Jonsson / Karin Leander vs Marike Boger / Iman Kalmoni,https://www.youtube.com/watch?v=Nv0o2EQiZ-4,2026-01-10 15:45,Bana 4,90
Final - Stefan Karlsson / Samuel Larsson vs Mikael Lidström / Mikael Billfors Gustavsson,https://www.youtube.com/watch?v=3xNQPYbqiHs,2026-01-10 15:45,Bana 7,90
Gruppspel - Ulrika Sanders Jonsson / Karin Leander vs Kajsa Edholm / Erika Andersson,https://www.youtube.com/watch?v=v7ljy4tRSPo,2026-01-10 15:00,Bana 4,90
Semi 1 - Max Attevall / Hannes Bleymann vs Stefan Karlsson / Samuel Larsson,https://www.youtube.com/watch?v=tDef1datnsc,2026-01-10 15:00,Bana 7,90
Semi 2 - Mikael Lidström / Mikael Billfors Gustavsson vs Krister Sundquist / Fel Stavfors,https://www.youtube.com/watch?v=-eaT5eXggWI,2026-01-10 15:00,Bana 8,90
B - Semi 2 - Jakob Liv / Jonas Pettersson vs Leonardo Broman Klemming / Alexander Jonsson,https://www.youtube.com/watch?v=YZuJ60A-3tM,2026-01-10 15:00,Bana 10,90
Gruppspel - Sofia Ekman / Klara Lindqvist vs Tove Sparrman / Anneli Laarif Wolfers,https://www.youtube.com/watch?v=gy0Rf5XKPso,2026-01-10 14:15,Bana 4,90
Kvart 1 - Mattias Dammander Åberg / Joakim Celinder vs Max Attevall / Hannes Bleymann,https://www.youtube.com/watch?v=EAwvgSNRu4k,2026-01-10 14:15,Bana 7,90
Kvart 2 - Stefan Karlsson / Samuel Larsson vs Milosz Gasiorek / Maxim Volkov,https://www.youtube.com/watch?v=T_4Bq4AijBQ,2026-01-10 14:15,Bana 10,90
Kvart 3 - Mikael Lidström / Mikael Billfors Gustavsson vs Oskar Öberg / Jens Öberg,https://www.youtube.com/watch?v=p8DyGBO12cc,2026-01-10 14:15,Bana 9,90
Kvart 4 - Amos Bäckström / Benjamin Bäckström vs Krister Sundquist / Fel Stavfors,https://www.youtube.com/watch?v=79Wt_UwGl7o,2026-01-10 14:15,Bana 8,90
Gruppspel - Sofia Ekman / Klara Lindqvist vs Ulrika Sanders Jonsson / Karin Leander,https://www.youtube.com/watch?v=qP2CDrOpIbg,2026-01-10 13:30,Bana 4,90
Gruppspel - Mattias Dammander Åberg / Joakim Celinder vs Jacob Mimon Ekqvist / Alvin Bolin,https://www.youtube.com/watch?v=mTfVLVgYeo0,2026-01-10 13:30,Bana 7,90
Gruppspel - Krister Sundquist / Fel Stavfors vs Jakob Liv / Jonas Pettersson,https://www.youtube.com/watch?v=gAVHRTYkYzk,2026-01-10 13:30,Bana 8,90
Gruppspel - Leonardo Broman Klemming / Alexander Jonsson vs Milosz Gasiorek / Maxim Volkov,https://www.youtube.com/watch?v=g4Ytr20A9wE,2026-01-10 13:30,Bana 9,90
Gruppspel - Daniel Wadskog / Erik Båth vs Oskar Öberg / Jens Öberg,https://www.youtube.com/watch?v=9dNB7VMPZGk,2026-01-10 13:30,Bana 10,90
Gruppspel - Kajsa Edholm / Erika Andersson vs Tove Sparrman / Anneli Laarif Wolfers,https://www.youtube.com/watch?v=DpT2rZ2bJ3s,2026-01-10 12:45,Bana 4,90
Gruppspel - Jacob Mimon Ekqvist / Alvin Bolin vs Amos Bäckström / Benjamin Bäckström,https://www.youtube.com/watch?v=UqTh9UHuTao,2026-01-10 12:45,Bana 7,90
Gruppspel - Jakob Liv / Jonas Pettersson vs Max Attevall / Hannes Bleymann,https://www.youtube.com/watch?v=oJVtI3jfJD8,2026-01-10 12:45,Bana 8,90
Gruppspel - Milosz Gasiorek / Maxim Volkov vs Mikael Lidström / Mikael Billfors Gustavsson,https://www.youtube.com/watch?v=3T7sD-rARbA,2026-01-10 12:45,Bana 9,90
Gruppspel - Oskar Öberg / Jens Öberg vs Stefan Karlsson / Samuel Larsson,https://www.youtube.com/watch?v=-BD-lQiMVHY,2026-01-10 12:45,Bana 10,90
Gruppspel - Sofia Ekman / Klara Lindqvist vs Kajsa Edholm / Erika Andersson,https://www.youtube.com/watch?v=h_vfW71dmKg,2026-01-10 12:00,Bana 4,90
Gruppspel - Amos Bäckström / Benjamin Bäckström vs Mattias Dammander Åberg / Joakim Celind,https://www.youtube.com/watch?v=PHcUXnUaw9Y,2026-01-10 12:00,Bana 7,90
Gruppspel - Max Attevall / Hannes Bleymann vs Krister Sundquist / Fel Stavfors,https://www.youtube.com/watch?v=3y7KiS58_Io,2026-01-10 12:00,Bana 8,90
Gruppspel - Mikael Lidström / Mikael Billfors Gustavsson vs Leonardo Broman Klemming / Ale,https://www.youtube.com/watch?v=Vwc4WddbbwU,2026-01-10 12:00,Bana 9,90
Gruppspel - Stefan Karlsson / Samuel Larsson vs Daniel Wadskog / Erik Båth,https://www.youtube.com/watch?v=wVr7p4lM9iw,2026-01-10 12:00,Bana 10,90
Juniorlandslag,https://www.youtube.com/watch?v=t_dsDwqnb1A,2026-01-06 14:40,Bana 8,120
Juniorlandslag,https://www.youtube.com/watch?v=DKOYPaZZ0lM,2026-01-06 14:40,Bana 8,120
Final - Irma Mtabingwa Demilo / Lova Hägglund vs Emma Haglund / Sofia Wahlén,https://www.youtube.com/watch?v=tewd_7gAFsw,2026-01-04 16:45,Bana 4,90
Final - Mattias Haaparanta / Rasmus Bodén vs Viktor Jonsson / Ture Hultin,https://www.youtube.com/watch?v=mZ8xf8X7geU,2026-01-04 16:45,Bana 7,90
Semi 1 - Vanessa Paukovic / Michaela Engman vs Irma Mtabingwa Demilo / Lova Hägglund,https://www.youtube.com/watch?v=12d-owNLoUA,2026-01-04 16:00,Bana 9,90
Semi 2 - Emelie Öpik / Ingrid Axland vs Emma Haglund / Sofia Wahlén,https://www.youtube.com/watch?v=Fy95BN84kRI,2026-01-04 16:00,Bana 4,90
Semi 1 - Oliver Lundmark / Eivind Stenström vs Mattias Haaparanta / Rasmus Bodén,https://www.youtube.com/watch?v=EGO92J6arow,2026-01-04 16:00,Bana 7,90
Semi 2 - Viktor Jonsson / Ture Hultin vs Elliott Bolin / Mathijs Bolin,https://www.youtube.com/watch?v=N9i8j3vL6Z8,2026-01-04 16:00,Bana 8,90
Kvart 4 - Emma Haglund / Sofia Wahlén vs Anna Romanova / Malin Bjärkstedt,https://www.youtube.com/watch?v=55ebPHSDQ7w,2026-01-04 15:15,Bana 4,90
Kvart 1 - Casper Tjernqvist / Henrik Brus vs Oliver Lundmark / Eivind Stenström,https://www.youtube.com/watch?v=OROKF_pD6r0,2026-01-04 15:15,Bana 7,90
Kvart 2 - Mattias Haaparanta / Rasmus Bodén vs Love Linder / Staffan Sahlberg,https://www.youtube.com/watch?v=zIyKqUjrFwg,2026-01-04 15:15,Bana 9,90
Kvart 3 - Nicklas Berger / Ossian Öhman vs Viktor Jonsson / Ture Hultin,https://www.youtube.com/watch?v=dzfnoM2wYic,2026-01-04 15:15,Bana 10,90
Kvart 4 - Arvid Hillgren / Teddie Almblad Engvall vs Elliott Bolin / Mathijs Bolin,https://www.youtube.com/watch?v=otzMNXzVmtU,2026-01-04 15:15,Bana 8,90
Åttondel 4 - Jessica Airey / Jenny Strålman vs Anna Romanova / Malin Bjärkstedt,https://www.youtube.com/watch?v=w-nGa9oYH3I,2026-01-04 14:30,Bana 4,90
Åttondel 1 - Oliver Lundmark / Eivind Stenström vs Petter Karlsson / Viggo Gesar,https://www.youtube.com/watch?v=1q9PTy-MvNU,2026-01-04 14:30,Bana 7,90
Åttondel 2 - Love Linder / Staffan Sahlberg vs Pavle Cani / Martin Taxén,https://www.youtube.com/watch?v=r-fJSobpGsQ,2026-01-04 14:30,Bana 9,90
Åttondel 3 - Viktor Jonsson / Ture Hultin vs Nik Johansson / Brady Nilsson,https://www.youtube.com/watch?v=j8oP4T0X8mQ,2026-01-04 14:30,Bana 10,90
Åttondel 4 - Elliott Bolin / Mathijs Bolin vs Mile Bjerlöw / Amos Bäckström,https://www.youtube.com/watch?v=gmVGFrV2xcM,2026-01-04 14:30,Bana 8,90
Gruppspel - Julia Fredriksson / Kajsa Edholm vs Sigrid Sjölin / Filippa Orre,https://www.youtube.com/watch?v=sCDDRp8oOy4,2026-01-04 13:45,Bana 4,90
Gruppspel - Anders Severson / Tim Wimmelbacher vs Pavle Cani / Martin Taxén,https://www.youtube.com/watch?v=nQS6sDwyJ3o,2026-01-04 13:45,Bana 7,90
Gruppspel - Petter Karlsson / Viggo Gesar vs Mille Sahlberg Linder / Rasmus Eklund,https://www.youtube.com/watch?v=0ROoJpYteS4,2026-01-04 13:45,Bana 9,90
Gruppspel - Oscar Berg / Neo Lundin Broady vs Mile Bjerlöw / Amos Bäckström,https://www.youtube.com/watch?v=BYNw--uELfY,2026-01-04 13:45,Bana 10,90
Gruppspel - Emma Haglund / Sofia Wahlén vs Vanessa Paukovic / Michaela Engman,https://www.youtube.com/watch?v=q-ks-lbBrNc,2026-01-04 13:00,Bana 4,90
Gruppspel - Viktor Jonsson / Ture Hultin vs Casper Tjernqvist / Henrik Brus,https://www.youtube.com/watch?v=9gNx4QnrycM,2026-01-04 13:00,Bana 7,90
Gruppspel - Arvid Hillgren / Teddie Almblad Engvall vs Oliver Lundmark / Eivind Stenström,https://www.youtube.com/watch?v=a1t60N9DxOo,2026-01-04 13:00,Bana 8,90
Gruppspel - Mattias Haaparanta / Rasmus Bodén vs Elliott Bolin / Mathijs Bolin,https://www.youtube.com/watch?v=iOyisogGwcs,2026-01-04 13:00,Bana 9,90
Gruppspel - Nicklas Berger / Ossian Öhman vs Love Linder / Staffan Sahlberg,https://www.youtube.com/watch?v=iowojnlqHS8,2026-01-04 13:00,Bana 10,90
Gruppspel - Vanessa Paukovic / Michaela Engman vs Sigrid Sjölin / Filippa Orre,https://www.youtube.com/watch?v=sq_CfwmCN3k,2026-01-04 12:15,Bana 4,90
Gruppspel - Pavle Cani / Martin Taxén vs Casper Tjernqvist / Henrik Brus,https://www.youtube.com/watch?v=q3VxvaLjL8I,2026-01-04 12:15,Bana 7,90
Gruppspel - Mille Sahlberg Linder / Rasmus Eklund vs Elliott Bolin / Mathijs Bolin,https://www.youtube.com/watch?v=_NHWEK2iMOQ,2026-01-04 12:15,Bana 9,90
Gruppspel - Mile Bjerlöw / Amos Bäckström vs Love Linder / Staffan Sahlberg,https://www.youtube.com/watch?v=8iS4zMWNuiw,2026-01-04 12:15,Bana 10,90
Fredagsspel,https://www.youtube.com/watch?v=SqxYaeWraGk,2026-01-02 11:30,Bana 9,90
Quart 2 - Adrian Lalami / Morris Neveling vs Jacob Mimon Ekqvist / Axel Brink,https://www.youtube.com/watch?v=ftTUPQGnWmE,2025-12-27 14:30,Bana 4,90
Gruppspel - Adrian Lalami / Morris Neveling vs Erik Hanses / Malcolm Jensen,https://www.youtube.com/watch?v=EycNZ2f7TyQ,2025-12-27 13:40,Bana 4,90
Gruppspel - Anton Aldebert / Alexander Jonsson vs Adrian Lalami / Morris Neveling,https://www.youtube.com/watch?v=4TX_Ou54kew,2025-12-27 12:50,Bana 4,90
Gruppspel - Erik Hanses / Malcolm Jensen vs Anton Aldebert / Alexander Jonsson,https://www.youtube.com/watch?v=V3hB3D5V0s4,2025-12-27 12:00,Bana 4,90
!Förgätmigej hösten 2025 2025-12-24 - Bana 3,https://www.youtube.com/watch?v=jMKggFdnNDQ,2025-12-24 20:30,Bana 3,90
!Förgätmigej hösten 2025 2025-12-24 - Bana 4,https://www.youtube.com/watch?v=K5755c2OPPE,2025-12-24 20:30,Bana 4,90
Tränare Tisdag 20.30 hösten 2025 2025-12-23,https://www.youtube.com/watch?v=beHeXsBI3kI,2025-12-23 20:30,Bana 8,90
Tränare Tisdag 17.00 hösten 2025 2025-12-23 - Bana 7,https://www.youtube.com/watch?v=9DgXuDsGhcU,2025-12-23 17:00,Bana 7,90
Tränare Tisdag 17.00 hösten 2025 2025-12-23 - Bana 8,https://www.youtube.com/watch?v=4poqQVVW2hU,2025-12-23 17:00,Bana 8,90
Tränare Måndag 20.30 hösten 2025 2025-12-22,https://www.youtube.com/watch?v=PzSbyrZDoaA,2025-12-22 20:30,Bana 8,90
Tränare Måndag 19.00 hösten 2025 2025-12-22,https://www.youtube.com/watch?v=CQhRagYpbiw,2025-12-22 19:00,Bana 8,90
Korall 2025-12-22,https://www.youtube.com/watch?v=N1T7BqV8R2Y,2025-12-22 19:00,Bana 7,90
Tränare Måndag 17.00 hösten 2025 2025-12-22 - Bana 7,https://www.youtube.com/watch?v=Q3EaMUeutKI,2025-12-22 17:00,Bana 7,120
Tränare Måndag 17.00 hösten 2025 2025-12-22 - Bana 8,https://www.youtube.com/watch?v=EAUCf31Zwyg,2025-12-22 17:00,Bana 8,120
Snödroppe hösten 2025 2025-12-21 - Bana 7,https://www.youtube.com/watch?v=94taXymlthc,2025-12-21 18:30,Bana 7,120
Snödroppe hösten 2025 2025-12-21 - Bana 8,https://www.youtube.com/watch?v=WDI09jgs9dQ,2025-12-21 18:30,Bana 8,120
Tränare Söndag 15.00 hösten 2025 2025-12-21 - Bana 7,https://www.youtube.com/watch?v=AhzeJtDnGBA,2025-12-21 15:00,Bana 7,90
Tränare Söndag 15.00 hösten 2025 2025-12-21 - Bana 8,https://www.youtube.com/watch?v=oTZjWQkvgSA,2025-12-21 15:00,Bana 8,90
Final - Emil Vannebäck / Mårten Norman vs Fady Ishaq / Mathijs Bolin,https://www.youtube.com/watch?v=QzL0GD2je68,2025-12-20 16:30,Bana 7,90
Semi 2 - Fady Ishaq / Mathijs Bolin vs Brady Nilsson / Salesi Pettersson Hafoka,https://www.youtube.com/watch?v=0JtEMlOlE8Q,2025-12-20 15:45,Bana 7,90
Semi 1 - Cornelia Björkquist / Emmelie Viklund vs Minou Borg Hollstedt / Elsa Beraki,https://www.youtube.com/watch?v=9P_N4inRoNA,2025-12-20 15:00,Bana 4,90
Kvart 3 - Noel Ljungberg Runhagen / Gustav Stavbom vs Fady Ishaq / Mathijs Bolin,https://www.youtube.com/watch?v=UNRW1to9q0g,2025-12-20 15:00,Bana 8,90
Kvart 4 - Robert Green / Mikael Billfors Gustavsson vs Brady Nilsson / Salesi Pettersson H,https://www.youtube.com/watch?v=BwSMSO4Y__k,2025-12-20 15:00,Bana 7,90
Kvart 1 - Amanda Norman / Astrid Malmrot vs Minou Borg Hollstedt / Elsa Beraki,https://www.youtube.com/watch?v=Q4f_ACp8tTI,2025-12-20 14:15,Bana 4,90
Åttondel 3 - Fady Ishaq / Mathijs Bolin vs Joakim Allard / Markus Wolmerud,https://www.youtube.com/watch?v=-pVfVsjZ9Dg,2025-12-20 14:15,Bana 8,90
Åttondel 4 - Viggo Gesar / Zia Qasemi vs Brady Nilsson / Salesi Pettersson Hafoka,https://www.youtube.com/watch?v=gyTDOySGb5I,2025-12-20 14:15,Bana 7,90
Gruppspel - Karin Aurelius / Susanna Tiainen vs Karin Leander / Ulrika Sanders Jonsson,https://www.youtube.com/watch?v=zt4T86Q_w-8,2025-12-20 13:30,Bana 4,90
Gruppspel - Joakim Allard / Markus Wolmerud vs Johan Broman / Michael Gustafsson,https://www.youtube.com/watch?v=o5jhrAYGRlc,2025-12-20 13:30,Bana 7,90
Gruppspel - Mattias Dammander Åberg / Joakim Celinder vs Anton Korablin / Alexander Mordov,https://www.youtube.com/watch?v=j-Dei9uNh58,2025-12-20 13:30,Bana 8,90
Gruppspel - Karin Leander / Ulrika Sanders Jonsson vs Amanda Norman / Astrid Malmrot,https://www.youtube.com/watch?v=07Zx7qP858E,2025-12-20 12:45,Bana 4,90
Gruppspel - Johan Broman / Michael Gustafsson vs Emil Vannebäck / Mårten Norman,https://www.youtube.com/watch?v=V8BYJaajg3E,2025-12-20 12:45,Bana 7,90
Gruppspel - Anton Korablin / Alexander Mordovskiy vs Robert Green / Mikael Billfors Gustav,https://www.youtube.com/watch?v=3hH5TpiZgKc,2025-12-20 12:45,Bana 8,90
Gruppspel - Amanda Norman / Astrid Malmrot vs Karin Aurelius / Susanna Tiainen,https://www.youtube.com/watch?v=CHOoz-wMWjk,2025-12-20 12:00,Bana 4,90
Gruppspel - Emil Vannebäck / Mårten Norman vs Joakim Allard / Markus Wolmerud,https://www.youtube.com/watch?v=gjNSPvqnPtw,2025-12-20 12:00,Bana 7,90
Gruppspel - Robert Green / Mikael Billfors Gustavsson vs Mattias Dammander Åberg / Joakim ,https://www.youtube.com/watch?v=zhgwzhY2hls,2025-12-20 12:00,Bana 8,90
Linda,https://www.youtube.com/watch?v=y9uSxwKE6Es,2025-12-18 14:00,Bana 4,90
!Förgätmigej hösten 2025 2025-12-17 - Bana 3,https://www.youtube.com/watch?v=-2MqFDytzQc,2025-12-17 20:30,Bana 3,90
!Förgätmigej hösten 2025 2025-12-17 - Bana 4,https://www.youtube.com/watch?v=wMD0KUk1p-E,2025-12-17 20:30,Bana 4,90
Tränare Tisdag 20.30 hösten 2025 2025-12-16,https://www.youtube.com/watch?v=O9LXJXR6g5A,2025-12-16 20:30,Bana 8,90
Tränare Tisdag 17.00 hösten 2025 2025-12-16 - Bana 7,https://www.youtube.com/watch?v=SC4LfvxSOkc,2025-12-16 17:00,Bana 7,90
Tränare Tisdag 17.00 hösten 2025 2025-12-16 - Bana 8,https://www.youtube.com/watch?v=dtRJM7NbPxc,2025-12-16 17:00,Bana 8,90
Tränare Måndag 20.30 hösten 2025 2025-12-15,https://www.youtube.com/watch?v=hppYGrzgCUA,2025-12-15 20:30,Bana 8,90
Tränare Måndag 19.00 hösten 2025 2025-12-15,https://www.youtube.com/watch?v=8jBbgy9zOno,2025-12-15 19:00,Bana 8,90
Korall 2025-12-15,https://www.youtube.com/watch?v=4HbvMsFBepQ,2025-12-15 19:00,Bana 7,90
Tränare Måndag 17.00 hösten 2025 2025-12-15 - Bana 7,https://www.youtube.com/watch?v=om7tIWj8qyI,2025-12-15 17:00,Bana 7,120
Tränare Måndag 17.00 hösten 2025 2025-12-15 - Bana 8,https://www.youtube.com/watch?v=yYgT7OLJmLE,2025-12-15 17:00,Bana 8,120
Snödroppe hösten 2025 2025-12-14 - Bana 7,https://www.youtube.com/watch?v=U6ZPiBTTro0,2025-12-14 18:30,Bana 7,120
Snödroppe hösten 2025 2025-12-14 - Bana 8,https://www.youtube.com/watch?v=NgpjZaSKZWQ,2025-12-14 18:30,Bana 8,120
Tränare Söndag 15.00 hösten 2025 2025-12-14 - Bana 7,https://www.youtube.com/watch?v=vxgFgQ_Egd0,2025-12-14 15:00,Bana 7,90
Tränare Söndag 15.00 hösten 2025 2025-12-14 - Bana 8,https://www.youtube.com/watch?v=1ylKrp-Q3-s,2025-12-14 15:00,Bana 8,90
Final - Maria Ziedorn / Julia Fredriksson vs Julia Li / Lea Hellmig,https://www.youtube.com/watch?v=9A5yO0WOxeU,2025-12-13 18:45,Bana 4,90
Final - Simon Bosell Klyvare / Fredrik Lindén vs Nik Johansson / Mikael Lindahl,https://www.youtube.com/watch?v=bLXiIazTjGA,2025-12-13 18:45,Bana 7,90
Semi 1 - Rohena Golami / Nicolina Afsenius vs Maria Ziedorn / Julia Fredriksson,https://www.youtube.com/watch?v=SZ_cYvcJwOY,2025-12-13 18:00,Bana 4,90
Semi 1 - Jens Öberg / Anders Strand vs Simon Bosell Klyvare / Fredrik Lindén,https://www.youtube.com/watch?v=Az9vIS41nQ0,2025-12-13 18:00,Bana 7,90
Semi 2 - Nik Johansson / Mikael Lindahl vs Brady Nilsson / Florian Heinze,https://www.youtube.com/watch?v=HUB5lz8jGE4,2025-12-13 18:00,Bana 8,90
Quart 2 - Eva Baggström / Monika Ezerskyte vs Maria Ziedorn / Julia Fredriksson,https://www.youtube.com/watch?v=NE2dz1miwU0,2025-12-13 17:15,Bana 4,90
Quart 1 - Jens Öberg / Anders Strand vs Jacob Immerstrand / Victor Kurronen,https://www.youtube.com/watch?v=P0xhz25STfo,2025-12-13 17:15,Bana 7,90
Quart 4 - Brady Nilsson / Florian Heinze vs Joacim Danielsson / Erik Båth,https://www.youtube.com/watch?v=YRFPu7XKV4A,2025-12-13 17:15,Bana 8,90
B - Quart 2 - Emma Strandberg / Katharina Meier vs Nina Hammarström / Zey Özgirgin,https://www.youtube.com/watch?v=SS-0PO05NZ8,2025-12-13 16:30,Bana 4,90
Åttondel 1 - Jacob Immerstrand / Victor Kurronen vs Oliver Reed / David Sivertsson,https://www.youtube.com/watch?v=92uLRowJ2Fo,2025-12-13 16:30,Bana 7,90
Åttondel 2 - Henning Zettergren / Stefhan Jägare vs Joacim Danielsson / Erik Båth,https://www.youtube.com/watch?v=KTST8yINuxo,2025-12-13 16:30,Bana 8,90
Gruppspel - Hedwig Widegren / Sara Raschperger vs Nina Hammarström / Zey Özgirgin,https://www.youtube.com/watch?v=yRW4Ti3by6I,2025-12-13 15:45,Bana 4,90
Gruppspel - Oliver Reed / David Sivertsson vs Mattias Dammander Åberg / Sixten Dammander,https://www.youtube.com/watch?v=KxDOOMoKics,2025-12-13 15:45,Bana 7,90
Gruppspel - Jacob Immerstrand / Victor Kurronen vs Charlie Ohlén / Anthon Nilsson,https://www.youtube.com/watch?v=SNSLxU16Wx0,2025-12-13 15:45,Bana 8,90
Gruppspel - Maria Ziedorn / Julia Fredriksson vs Esther Andersson / Sonja Angerud,https://www.youtube.com/watch?v=zr5WheDzpqo,2025-12-13 15:00,Bana 4,90
Gruppspel - Brady Nilsson / Florian Heinze vs Patrik Karlsson / Viktor Kull,https://www.youtube.com/watch?v=0xhctrEG7fU,2025-12-13 15:00,Bana 7,90
Gruppspel - Nik Johansson / Mikael Lindahl vs Ragnar Dahlén / Noah Alm,https://www.youtube.com/watch?v=t89gI_3ya78,2025-12-13 15:00,Bana 8,90
Gruppspel - Maria Ziedorn / Julia Fredriksson vs Hedwig Widegren / Sara Raschperger,https://www.youtube.com/watch?v=LHiMBu8LPX4,2025-12-13 14:15,Bana 4,90
Gruppspel - Brady Nilsson / Florian Heinze vs Oliver Reed / David Sivertsson,https://www.youtube.com/watch?v=TJs9_Xmh4z4,2025-12-13 14:15,Bana 7,90
Gruppspel - Nik Johansson / Mikael Lindahl vs Jacob Immerstrand / Victor Kurronen,https://www.youtube.com/watch?v=_6dTUF6LBJE,2025-12-13 14:15,Bana 8,90
Gruppspel - Nina Hammarström / Zey Özgirgin vs Esther Andersson / Sonja Angerud,https://www.youtube.com/watch?v=5Vc6a7yUYcI,2025-12-13 13:30,Bana 4,90
Gruppspel - Mattias Dammander Åberg / Sixten Dammander vs Patrik Karlsson / Viktor Kull,https://www.youtube.com/watch?v=5E5_nP5ncKI,2025-12-13 13:30,Bana 7,90
Gruppspel - Charlie Ohlén / Anthon Nilsson vs Ragnar Dahlén / Noah Alm,https://www.youtube.com/watch?v=DrP7Pk9sHoA,2025-12-13 13:30,Bana 8,90
Gruppspel - Maria Ziedorn / Julia Fredriksson vs Nina Hammarström / Zey Özgirgin,https://www.youtube.com/watch?v=TihdFub5O3E,2025-12-13 12:45,Bana 4,90
Gruppspel - Brady Nilsson / Florian Heinze vs Mattias Dammander Åberg / Sixten Dammander,https://www.youtube.com/watch?v=fjEnHPiDAc0,2025-12-13 12:45,Bana 7,90
Gruppspel - Nik Johansson / Mikael Lindahl vs Charlie Ohlén / Anthon Nilsson,https://www.youtube.com/watch?v=6cP3Tx5MW2M,2025-12-13 12:45,Bana 8,90
Gruppspel - Hedwig Widegren / Sara Raschperger vs Esther Andersson / Sonja Angerud,https://www.youtube.com/watch?v=9WjBAXptjqg,2025-12-13 12:00,Bana 4,90
Gruppspel - Oliver Reed / David Sivertsson vs Patrik Karlsson / Viktor Kull,https://www.youtube.com/watch?v=TjJeeiJU76w,2025-12-13 12:00,Bana 7,90
Gruppspel - Jacob Immerstrand / Victor Kurronen vs Ragnar Dahlén / Noah Alm,https://www.youtube.com/watch?v=vQx1DMqRchU,2025-12-13 12:00,Bana 8,90
!Förgätmigej hösten 2025 2025-12-10 - Bana 3,https://www.youtube.com/watch?v=oD4DTEEmwpA,2025-12-10 20:30,Bana 3,90
!Förgätmigej hösten 2025 2025-12-10 - Bana 4,https://www.youtube.com/watch?v=y-iC2YWsmUc,2025-12-10 20:30,Bana 4,90
Tränare Tisdag 20.30 hösten 2025 2025-12-09,https://www.youtube.com/watch?v=80_9wJSu388,2025-12-09 20:30,Bana 8,90
Tränare Tisdag 17.00 hösten 2025 2025-12-09 - Bana 7,https://www.youtube.com/watch?v=gGfJOHGCLWQ,2025-12-09 17:00,Bana 7,90
Tränare Tisdag 17.00 hösten 2025 2025-12-09 - Bana 8,https://www.youtube.com/watch?v=yGi-d9MNw-M,2025-12-09 17:00,Bana 8,90
Tränare Måndag 20.30 hösten 2025 2025-12-08,https://www.youtube.com/watch?v=CiFGhjjfJCo,2025-12-08 20:30,Bana 8,90
Tränare Måndag 19.00 hösten 2025 2025-12-08,https://www.youtube.com/watch?v=fcFZo0-V-is,2025-12-08 19:00,Bana 8,90
Korall 2025-12-08,https://www.youtube.com/watch?v=N6_ZKVXU11Y,2025-12-08 19:00,Bana 7,90
Tränare Måndag 17.00 hösten 2025 2025-12-08 - Bana 7,https://www.youtube.com/watch?v=wjQ7Q1TRA0k,2025-12-08 17:00,Bana 7,120
Tränare Måndag 17.00 hösten 2025 2025-12-08 - Bana 8,https://www.youtube.com/watch?v=vaDviqCZpTs,2025-12-08 17:00,Bana 8,120
Snödroppe hösten 2025 2025-12-07 - Bana 7,https://www.youtube.com/watch?v=PCJy5p_bkgc,2025-12-07 18:30,Bana 7,120
Snödroppe hösten 2025 2025-12-07 - Bana 8,https://www.youtube.com/watch?v=NVU7-YIT0HE,2025-12-07 18:30,Bana 8,120
Tränare Söndag 15.00 hösten 2025 2025-12-07 - Bana 7,https://www.youtube.com/watch?v=sAgF4L_7rcc,2025-12-07 15:00,Bana 7,90
Tränare Söndag 15.00 hösten 2025 2025-12-07 - Bana 8,https://www.youtube.com/watch?v=UQuLSF6Scs4,2025-12-07 15:00,Bana 8,90
Final - Amanda Östberg / Sanna Thurin vs Maja Berg / Lova Hägglund,https://www.youtube.com/watch?v=ILXXNnvUSNk,2025-12-06 17:15,Bana 4,90
Final - Fabian Ramén / Ture Hultin vs Teddie Almblad Engvall / Casper Tjernqvist,https://www.youtube.com/watch?v=0xJLcYhyN2o,2025-12-06 17:15,Bana 7,90
Semi 2 - Maja Berg / Lova Hägglund vs Lina Russo / Emma Haglund,https://www.youtube.com/watch?v=LaxJbsvpC0g,2025-12-06 16:30,Bana 4,90
Semi 1 - Fabian Ramén / Ture Hultin vs Rasmus Bodén / Mattias Haaparanta,https://www.youtube.com/watch?v=An6JMpmikZY,2025-12-06 16:30,Bana 7,90
Semi 2 - Mille Sahlberg Linder / Ossian Öhman vs Teddie Almblad Engvall / Casper Tjernqvis,https://www.youtube.com/watch?v=g1BUOkLKNBc,2025-12-06 16:30,Bana 8,90
Kvart 4 - Lina Russo / Emma Haglund vs Malin Evrenos / Michaela Engman,https://www.youtube.com/watch?v=uKRGDybIx3w,2025-12-06 15:45,Bana 4,90
Kvart 1 - Fabian Ramén / Ture Hultin vs Manne Norman / Måns Norman,https://www.youtube.com/watch?v=WZ9xY6G_CEY,2025-12-06 15:45,Bana 7,90
Kvart 4 - Teddie Almblad Engvall / Casper Tjernqvist vs Theo Hiller / Winston Seal,https://www.youtube.com/watch?v=5vUy7omfe3g,2025-12-06 15:45,Bana 8,90
Åttondel 4 - Amanda Norman / Lisa Söderlund vs Malin Evrenos / Michaela Engman,https://www.youtube.com/watch?v=sfiVImMWRYA,2025-12-06 15:00,Bana 4,90
Åttondel 1 - Manne Norman / Måns Norman vs Brady Nilsson / Zia Qasemi,https://www.youtube.com/watch?v=jeuJ5GRSDEw,2025-12-06 15:00,Bana 7,90
Åttondel 4 - Theo Hiller / Winston Seal vs Mikael Billfors Gustavsson / Tim Wimmelbacher,https://www.youtube.com/watch?v=lsYGcSOysAQ,2025-12-06 15:00,Bana 8,90
Gruppspel - Brady Nilsson / Zia Qasemi vs Malcolm Jensen / Adrian Lalami,https://www.youtube.com/watch?v=2T7_zx_-0Ak,2025-12-06 14:15,Bana 8,90
Gruppspel - Malin Axland / Linda Beckius vs Emelie Öpik / Ingrid Axland,https://www.youtube.com/watch?v=6jrzm0GhZFI,2025-12-06 14:00,Bana 4,90
Gruppspel - Theo Hiller / Winston Seal vs Love Linder / Elliott Bolin,https://www.youtube.com/watch?v=N0M079MWAlo,2025-12-06 14:00,Bana 7,90
Gruppspel - Teddie Almblad Engvall / Casper Tjernqvist vs Eivind Stenström / Oliver Lundma,https://www.youtube.com/watch?v=HRb-T3z5Qig,2025-12-06 13:30,Bana 8,90
Gruppspel - Emelie Öpik / Ingrid Axland vs Lina Russo / Emma Haglund,https://www.youtube.com/watch?v=sIn0s0DLHJU,2025-12-06 13:15,Bana 4,90
Gruppspel - Love Linder / Elliott Bolin vs Fabian Ramén / Ture Hultin,https://www.youtube.com/watch?v=200l5kiVVZA,2025-12-06 13:15,Bana 7,90
Gruppspel - Eivind Stenström / Oliver Lundmark vs Malcolm Jensen / Adrian Lalami,https://www.youtube.com/watch?v=tbm5zomxAoE,2025-12-06 12:45,Bana 8,90
Gruppspel - Lina Russo / Emma Haglund vs Malin Axland / Linda Beckius,https://www.youtube.com/watch?v=TobzB4pX1Io,2025-12-06 12:30,Bana 4,90
Gruppspel - Fabian Ramén / Ture Hultin vs Theo Hiller / Winston Seal,https://www.youtube.com/watch?v=ElLYqhcHEHw,2025-12-06 12:30,Bana 7,90
Gruppspel - Amanda Östberg / Sanna Thurin vs Vanessa Paukovic / Cornelia Björkquist,https://www.youtube.com/watch?v=Macs0bK1b7M,2025-12-06 12:00,Bana 4,90
Gruppspel - Fabian Ramén / Ture Hultin vs Henry Nordin Ottosson / Jacob Mimon Ekqvist,https://www.youtube.com/watch?v=F0kpGs4CpAg,2025-12-06 12:00,Bana 7,90
Gruppspel - Teddie Almblad Engvall / Casper Tjernqvist vs Mattias Hammar / Elias Ohlsson,https://www.youtube.com/watch?v=v6kENvKyXy0,2025-12-06 12:00,Bana 8,90
Gruppspel - Teddie Almblad Engvall / Casper Tjernqvist vs Brady Nilsson / Zia Qasemi,https://www.youtube.com/watch?v=glfei8FmV4U,2025-12-06 12:00,Bana 8,90
!Förgätmigej hösten 2025 2025-12-03 - Bana 3,https://www.youtube.com/watch?v=zWfXUNpHNyM,2025-12-03 20:30,Bana 3,90
!Förgätmigej hösten 2025 2025-12-03 - Bana 4,https://www.youtube.com/watch?v=_H8s338ijqI,2025-12-03 20:30,Bana 4,90
Tränare Tisdag 20.30 hösten 2025 2025-12-02,https://www.youtube.com/watch?v=WuSimGw5ebE,2025-12-02 20:30,Bana 8,90
Tränare Tisdag 17.00 hösten 2025 2025-12-02 - Bana 7,https://www.youtube.com/watch?v=0ni1xdMIKkc,2025-12-02 17:00,Bana 7,90
Tränare Tisdag 17.00 hösten 2025 2025-12-02 - Bana 8,https://www.youtube.com/watch?v=eEZXQJTouf4,2025-12-02 17:00,Bana 8,90
Tränare Måndag 20.30 hösten 2025 2025-12-01,https://www.youtube.com/watch?v=e5qoA6DPU7s,2025-12-01 20:30,Bana 8,90
Tränare Måndag 19.00 hösten 2025 2025-12-01,https://www.youtube.com/watch?v=M6OjzVEJ4ZA,2025-12-01 19:00,Bana 8,90
Korall 2025-12-01,https://www.youtube.com/watch?v=H7iKvez-AcI,2025-12-01 19:00,Bana 7,90
Tränare Måndag 17.00 hösten 2025 2025-12-01 - Bana 7,https://www.youtube.com/watch?v=gWDQXuAWZtQ,2025-12-01 17:00,Bana 7,120
Tränare Måndag 17.00 hösten 2025 2025-12-01 - Bana 8,https://www.youtube.com/watch?v=QwGwWv_-Yao,2025-12-01 17:00,Bana 8,120
Snödroppe hösten 2025 2025-11-30 - Bana 7,https://www.youtube.com/watch?v=x0fjna5OACc,2025-11-30 18:30,Bana 7,120
Snödroppe hösten 2025 2025-11-30 - Bana 8,https://www.youtube.com/watch?v=vIc_0mNcBv0,2025-11-30 18:30,Bana 8,120
Tränare Söndag 15.00 hösten 2025 2025-11-30 - Bana 7,https://www.youtube.com/watch?v=EypbCdc0Y2c,2025-11-30 15:00,Bana 7,90
Tränare Söndag 15.00 hösten 2025 2025-11-30 - Bana 8,https://www.youtube.com/watch?v=6pseDh0UKl8,2025-11-30 15:00,Bana 8,90
Final - Jacob Mimon Ekqvist / Henry Nordin Ottosson vs Emil Wennersten / Vidar Hollinger,https://www.youtube.com/watch?v=acJoo30jRXA,2025-11-29 17:00,Bana 7,90
Gruppspel - Leonardo Broman Klemming / Oskar Öberg vs Jacob Mimon Ekqvist / Henry Nordin O,https://www.youtube.com/watch?v=lfV0ZMcjNjo,2025-11-29 16:00,Bana 8,90
Gruppspel - Elliot Hired Törneman / Nahuel Bergdahl Yanez vs Emil Wennersten / Vidar Holli,https://www.youtube.com/watch?v=TMRAfBIqeVI,2025-11-29 16:00,Bana 7,90
Gruppspel - Leonardo Broman Klemming / Oskar Öberg vs Elliot Hired Törneman / Nahuel Bergd,https://www.youtube.com/watch?v=444h7j1FHws,2025-11-29 15:00,Bana 8,90
Gruppspel - Emil Wennersten / Vidar Hollinger vs Alexander Skilberg / Hektor Carlén Falsaf,https://www.youtube.com/watch?v=LAQw1Net3gY,2025-11-29 15:00,Bana 7,90
Gruppspel - Emil Wennersten / Vidar Hollinger vs Leonardo Broman Klemming / Oskar Öberg,https://www.youtube.com/watch?v=UzS48JbnyxY,2025-11-29 14:00,Bana 8,90
Gruppspel - Alexander Skilberg / Hektor Carlén Falsafi vs Jacob Mimon Ekqvist / Henry Nord,https://www.youtube.com/watch?v=-KsrPgdVV38,2025-11-29 14:00,Bana 7,90
Gruppspel - Jacob Mimon Ekqvist / Henry Nordin Ottosson vs Emil Wennersten / Vidar Holling,https://www.youtube.com/watch?v=vDSZuKvSSbw,2025-11-29 13:00,Bana 8,90
Gruppspel - Elliot Hired Törneman / Nahuel Bergdahl Yanez vs Alexander Skilberg / Hektor C,https://www.youtube.com/watch?v=BCfU22pfz08,2025-11-29 13:00,Bana 7,90
Gruppspel - Jacob Mimon Ekqvist / Henry Nordin Ottosson vs Elliot Hired Törneman / Nahuel ,https://www.youtube.com/watch?v=Ra0OXesOLKo,2025-11-29 12:00,Bana 8,90
Gruppspel - Alexander Skilberg / Hektor Carlén Falsafi vs Leonardo Broman Klemming / Oskar,https://www.youtube.com/watch?v=biWovNP7_wQ,2025-11-29 12:00,Bana 7,90
!Förgätmigej hösten 2025 2025-11-26 - Bana 3,https://www.youtube.com/watch?v=fzGDchVUEVo,2025-11-26 20:30,Bana 3,90
!Förgätmigej hösten 2025 2025-11-26 - Bana 4,https://www.youtube.com/watch?v=j35GCWlJsTY,2025-11-26 20:30,Bana 4,90
Tränare Tisdag 20.30 hösten 2025 2025-11-25,https://www.youtube.com/watch?v=-IROeNJp6Lk,2025-11-25 20:30,Bana 8,90
Tränare Tisdag 17.00 hösten 2025 2025-11-25 - Bana 7,https://www.youtube.com/watch?v=nAaGcB0vvbA,2025-11-25 17:00,Bana 7,90
Tränare Tisdag 17.00 hösten 2025 2025-11-25 - Bana 8,https://www.youtube.com/watch?v=OYfQ353I3LM,2025-11-25 17:00,Bana 8,90
Tränare Måndag 20.30 hösten 2025 2025-11-24,https://www.youtube.com/watch?v=m9wCZy6WAU0,2025-11-24 20:30,Bana 8,90
Tränare Måndag 19.00 hösten 2025 2025-11-24,https://www.youtube.com/watch?v=qiHT-8GJ4vs,2025-11-24 19:00,Bana 8,90
Korall 2025-11-24,https://www.youtube.com/watch?v=hImtuSbL5e8,2025-11-24 19:00,Bana 7,90
Tränare Måndag 17.00 hösten 2025 2025-11-24 - Bana 7,https://www.youtube.com/watch?v=3piZvfiCRMo,2025-11-24 17:00,Bana 7,120
Tränare Måndag 17.00 hösten 2025 2025-11-24 - Bana 8,https://www.youtube.com/watch?v=2mpb8wT-3Ac,2025-11-24 17:00,Bana 8,120
Snödroppe hösten 2025 2025-11-23 - Bana 7,https://www.youtube.com/watch?v=B-bEQVU-_So,2025-11-23 18:30,Bana 7,120
Snödroppe hösten 2025 2025-11-23 - Bana 8,https://www.youtube.com/watch?v=vUtIPFcTt8A,2025-11-23 18:30,Bana 8,120
Tränare Söndag 15.00 hösten 2025 2025-11-23 - Bana 7,https://www.youtube.com/watch?v=xFT_6NYb0l8,2025-11-23 15:00,Bana 7,90
Tränare Söndag 15.00 hösten 2025 2025-11-23 - Bana 8,https://www.youtube.com/watch?v=sZ_aIWnJGyY,2025-11-23 15:00,Bana 8,90
Final - Sanna Thurin / Fabian Ramén vs Linus Isaksson / Helene Jernbeck,https://www.youtube.com/watch?v=qV7KBgkm82M,2025-11-22 16:30,Bana 7,90
Semi 1 - Sanna Thurin / Fabian Ramén vs Rasmus Bodén / Tina Thurin,https://www.youtube.com/watch?v=mTW4H0eYTiM,2025-11-22 15:45,Bana 7,90
B - Semi 2 - Isabella Mikkonen / Folke Bosund vs Mikael Collryd / Sara Lindberg,https://www.youtube.com/watch?v=_QtG2w5mC54,2025-11-22 15:45,Bana 4,90
Quart 4 - Linus Isaksson / Helene Jernbeck vs Joanna Saber / Niklas Gustafsson,https://www.youtube.com/watch?v=eWps71uoh90,2025-11-22 15:00,Bana 8,90
Åttondel 1 - Pavle Cani / Johanna Frost vs Alexander Breznik / Louise Eklund,https://www.youtube.com/watch?v=-56tMBV6DpQ,2025-11-22 14:15,Bana 4,90
Åttondel 3 - Rasmus Bodén / Tina Thurin vs Nik Johansson / Julia Li,https://www.youtube.com/watch?v=IfukZkovFfc,2025-11-22 14:15,Bana 7,90
Åttondel 6 - Joanna Saber / Niklas Gustafsson vs Frida Nellros / Manne Norman,https://www.youtube.com/watch?v=NLjazZgT07c,2025-11-22 14:15,Bana 8,90
Gruppspel - Nik Johansson / Julia Li vs Mikael Collryd / Sara Lindberg,https://www.youtube.com/watch?v=NhaRNL4-8l0,2025-11-22 13:30,Bana 4,90
Gruppspel - David Sivertsson / My Beckman Gustavsson vs Oliver Lundmark / Alice Arnberg,https://www.youtube.com/watch?v=buqF14X0tTM,2025-11-22 13:30,Bana 7,90
Gruppspel - Lena Youhanan / Micke Värmå vs Elin Nordmark / Zia Qasemi,https://www.youtube.com/watch?v=UTYLvs3b4FI,2025-11-22 13:30,Bana 8,90
Gruppspel - Mikael Collryd / Sara Lindberg vs Linus Isaksson / Helene Jernbeck,https://www.youtube.com/watch?v=rdqtwD9td1Y,2025-11-22 12:45,Bana 4,90
Gruppspel - Oliver Lundmark / Alice Arnberg vs Frida Nellros / Manne Norman,https://www.youtube.com/watch?v=04k_64a9F5o,2025-11-22 12:45,Bana 7,90
Gruppspel - Elin Nordmark / Zia Qasemi vs Alexander Breznik / Louise Eklund,https://www.youtube.com/watch?v=5rqJTJSEoaY,2025-11-22 12:45,Bana 8,90
Gruppspel - Linus Isaksson / Helene Jernbeck vs Nik Johansson / Julia Li,https://www.youtube.com/watch?v=k_8B2AcJg0c,2025-11-22 12:00,Bana 4,90
Gruppspel - Frida Nellros / Manne Norman vs David Sivertsson / My Beckman Gustavsson,https://www.youtube.com/watch?v=vqI3BGHpSVs,2025-11-22 12:00,Bana 7,90
Gruppspel - Alexander Breznik / Louise Eklund vs Lena Youhanan / Micke Värmå,https://www.youtube.com/watch?v=Bipp76wevTc,2025-11-22 12:00,Bana 8,90
!Förgätmigej hösten 2025 2025-11-19 - Bana 3,https://www.youtube.com/watch?v=QGiTV4WmZ6Q,2025-11-19 20:30,Bana 3,90
!Förgätmigej hösten 2025 2025-11-19 - Bana 4,https://www.youtube.com/watch?v=CP7KZUkyQzk,2025-11-19 20:30,Bana 4,90
Tränare Tisdag 20.30 hösten 2025 2025-11-18,https://www.youtube.com/watch?v=V0ZJRvf-de4,2025-11-18 20:30,Bana 8,90
Tränare Tisdag 17.00 hösten 2025 2025-11-18 - Bana 7,https://www.youtube.com/watch?v=Gy22dJe9NNU,2025-11-18 17:00,Bana 7,90
Tränare Tisdag 17.00 hösten 2025 2025-11-18 - Bana 8,https://www.youtube.com/watch?v=wIYuDLZrvv4,2025-11-18 17:00,Bana 8,90
Tränare Måndag 20.30 hösten 2025 2025-11-17,https://www.youtube.com/watch?v=YMVJiJxPreI,2025-11-17 20:30,Bana 8,90
Tränare Måndag 19.00 hösten 2025 2025-11-17,https://www.youtube.com/watch?v=ebaUaBpqLk0,2025-11-17 19:00,Bana 8,90
Korall 2025-11-17,https://www.youtube.com/watch?v=KDNaAwGuXOo,2025-11-17 19:00,Bana 7,90
Tränare Måndag 17.00 hösten 2025 2025-11-17 - Bana 7,https://www.youtube.com/watch?v=Bl8HUED5Tes,2025-11-17 17:00,Bana 7,120
Tränare Måndag 17.00 hösten 2025 2025-11-17 - Bana 8,https://www.youtube.com/watch?v=W16XYHiF1Qw,2025-11-17 17:00,Bana 8,120
Snödroppe hösten 2025 2025-11-16 - Bana 7,https://www.youtube.com/watch?v=d2px-lYvwcA,2025-11-16 18:30,Bana 7,120
Snödroppe hösten 2025 2025-11-16 - Bana 8,https://www.youtube.com/watch?v=u8tRdCO8ZIo,2025-11-16 18:30,Bana 8,120
Tränare Söndag 15.00 hösten 2025 2025-11-16 - Bana 7,https://www.youtube.com/watch?v=Va14q0vxs4o,2025-11-16 15:00,Bana 7,90
Tränare Söndag 15.00 hösten 2025 2025-11-16 - Bana 8,https://www.youtube.com/watch?v=rs1rl4SBz58,2025-11-16 15:00,Bana 8,90
Final - Anna Hjärpe / Sara Lindberg vs Karin Leander / Johanna Frost,https://www.youtube.com/watch?v=O9bmeoXD7uo,2025-11-15 18:00,Bana 3,90
Final - Pavle Cani / Elliott Bolin vs Björn Hamberg / Shahab Mesbah,https://www.youtube.com/watch?v=hTf8phFfda0,2025-11-15 18:00,Bana 8,90
Semi 1 - Anna Hjärpe / Sara Lindberg vs Margarita Nilsson / Victoria Jonsson,https://www.youtube.com/watch?v=JFF_SJ7mJZQ,2025-11-15 17:15,Bana 3,90
Semi 2 - Nicolina Gvojic / Milagros Llenas vs Karin Leander / Johanna Frost,https://www.youtube.com/watch?v=Kjb379aeRA0,2025-11-15 17:15,Bana 4,90
Semi 2 - Björn Hamberg / Shahab Mesbah vs Brady Nilsson / Arjun Niklasson,https://www.youtube.com/watch?v=4buT2Nv2sXI,2025-11-15 17:15,Bana 8,90
Kvart 1 - Anna Hjärpe / Sara Lindberg vs Kathryn Franzén / Åsa Zonabend,https://www.youtube.com/watch?v=XbLJH2dASZE,2025-11-15 16:30,Bana 3,90
Kvart 4 - Molly Bäckstrand / Nicolina Afsenius vs Karin Leander / Johanna Frost,https://www.youtube.com/watch?v=2KmxyK8s6uU,2025-11-15 16:30,Bana 4,90
Kvart 3 - Alvin Bolin / Mathijs Bolin vs Björn Hamberg / Shahab Mesbah,https://www.youtube.com/watch?v=K7lH4mUmhPQ,2025-11-15 16:30,Bana 8,90
Semi 1 - Pavle Cani / Elliott Bolin vs Erik Rosengren / Erik Rundqvist,https://www.youtube.com/watch?v=zsZNZjXaDC8,2025-11-15 16:30,Bana 7,90
Gruppspel - Molly Bäckstrand / Nicolina Afsenius vs Julia Li / Isabella Mikkonen,https://www.youtube.com/watch?v=czIHqWLTLdw,2025-11-15 15:45,Bana 3,90
Gruppspel - Kathryn Franzén / Åsa Zonabend vs Maria Ziedorn / Lovisa Kjellman,https://www.youtube.com/watch?v=CPoE286RXjg,2025-11-15 15:45,Bana 4,90
Åttondel 5 - Björn Hamberg / Shahab Mesbah vs Johan Broman / Måns Björn,https://www.youtube.com/watch?v=5fADdtR8dG8,2025-11-15 15:45,Bana 8,90
Kvart 1 - Pavle Cani / Elliott Bolin vs Oskar Öberg / Zia Qasemi,https://www.youtube.com/watch?v=qVmjGJhFXc4,2025-11-15 15:45,Bana 7,90
Gruppspel - Anna Hjärpe / Sara Lindberg vs Katarina Stensson / Nathalie Fransson,https://www.youtube.com/watch?v=rLIuUjORP8w,2025-11-15 15:00,Bana 3,90
Gruppspel - Karin Leander / Johanna Frost vs Jonna Edlund / Sara Enlund,https://www.youtube.com/watch?v=2QEsyEcIh7c,2025-11-15 15:00,Bana 4,90
Åttondel 4 - Max Attevall / Hannes Bleymann vs Alvin Bolin / Mathijs Bolin,https://www.youtube.com/watch?v=qtHLtGADJKI,2025-11-15 15:00,Bana 8,90
Gruppspel - Anna Hjärpe / Sara Lindberg vs Molly Bäckstrand / Nicolina Afsenius,https://www.youtube.com/watch?v=9hCcC4Cn0zQ,2025-11-15 14:15,Bana 3,90
Gruppspel - Karin Leander / Johanna Frost vs Kathryn Franzén / Åsa Zonabend,https://www.youtube.com/watch?v=CMW5gWjHg-Y,2025-11-15 14:15,Bana 4,90
Gruppspel - Ragnar Dahlén / Noah Alm vs Jakob Liv / Jonas Pettersson,https://www.youtube.com/watch?v=dkXqpxN2Hfs,2025-11-15 14:15,Bana 8,90
Gruppspel - Julia Li / Isabella Mikkonen vs Katarina Stensson / Nathalie Fransson,https://www.youtube.com/watch?v=2313WNC8BNI,2025-11-15 13:30,Bana 3,90
Gruppspel - Maria Ziedorn / Lovisa Kjellman vs Jonna Edlund / Sara Enlund,https://www.youtube.com/watch?v=AW7Qkdle_3E,2025-11-15 13:30,Bana 4,90
Gruppspel - Maxim Volkov / Vladimir Guala vs Johan Broman / Måns Björn,https://www.youtube.com/watch?v=0Li4GdnN6OQ,2025-11-15 13:30,Bana 7,90
Gruppspel - Max Attevall / Hannes Bleymann vs Oskar Öberg / Zia Qasemi,https://www.youtube.com/watch?v=12u220SeXxU,2025-11-15 13:30,Bana 8,90
Gruppspel - Anna Hjärpe / Sara Lindberg vs Julia Li / Isabella Mikkonen,https://www.youtube.com/watch?v=cpkOzy9Y4js,2025-11-15 12:45,Bana 3,90
Gruppspel - Karin Leander / Johanna Frost vs Maria Ziedorn / Lovisa Kjellman,https://www.youtube.com/watch?v=YhVhh3Di-tc,2025-11-15 12:45,Bana 4,90
Gruppspel - Johan Broman / Måns Björn vs Pavle Cani / Elliott Bolin,https://www.youtube.com/watch?v=AdCmWUfo5QE,2025-11-15 12:45,Bana 7,90
Gruppspel - Molly Bäckstrand / Nicolina Afsenius vs Katarina Stensson / Nathalie Fransson,https://www.youtube.com/watch?v=iBPp848ydTY,2025-11-15 12:00,Bana 3,90
Gruppspel - Kathryn Franzén / Åsa Zonabend vs Jonna Edlund / Sara Enlund,https://www.youtube.com/watch?v=-3wXsipnu4U,2025-11-15 12:00,Bana 4,90
Gruppspel - Pavle Cani / Elliott Bolin vs Maxim Volkov / Vladimir Guala,https://www.youtube.com/watch?v=TwXGaMRCxaw,2025-11-15 12:00,Bana 7,90
Gruppspel - Max Attevall / Hannes Bleymann vs Ragnar Dahlén / Noah Alm,https://www.youtube.com/watch?v=QO9MY7-9_8U,2025-11-15 12:00,Bana 8,90
!Förgätmigej hösten 2025 2025-11-12 - Bana 3,https://www.youtube.com/watch?v=Wq_kILJ-a2M,2025-11-12 20:30,Bana 3,90
!Förgätmigej hösten 2025 2025-11-12 - Bana 4,https://www.youtube.com/watch?v=ZevukfmNloU,2025-11-12 20:30,Bana 4,90
Tränare Tisdag 20.30 hösten 2025 2025-11-11,https://www.youtube.com/watch?v=FJgMmJTzNKI,2025-11-11 20:30,Bana 8,90
Tränare Tisdag 17.00 hösten 2025 2025-11-11 - Bana 7,https://www.youtube.com/watch?v=5Qxi_IBnHTA,2025-11-11 17:00,Bana 7,90
Tränare Tisdag 17.00 hösten 2025 2025-11-11 - Bana 8,https://www.youtube.com/watch?v=JN7Fu3cRLEE,2025-11-11 17:00,Bana 8,90
Tränare Måndag 20.30 hösten 2025 2025-11-10,https://www.youtube.com/watch?v=dv6abOX9iVU,2025-11-10 20:30,Bana 8,90
Tränare Måndag 19.00 hösten 2025 2025-11-10,https://www.youtube.com/watch?v=eRBBtfqcHhM,2025-11-10 19:00,Bana 8,90
Korall 2025-11-10,https://www.youtube.com/watch?v=mMSaBCk2bDo,2025-11-10 19:00,Bana 7,90
Tränare Måndag 17.00 hösten 2025 2025-11-10 - Bana 7,https://www.youtube.com/watch?v=V4N3LniyngE,2025-11-10 17:00,Bana 7,120
Tränare Måndag 17.00 hösten 2025 2025-11-10 - Bana 8,https://www.youtube.com/watch?v=GCePo86G9_Q,2025-11-10 17:00,Bana 8,120
Snödroppe hösten 2025 2025-11-09 - Bana 7,https://www.youtube.com/watch?v=vaLfYZtHp4o,2025-11-09 18:30,Bana 7,120
Snödroppe hösten 2025 2025-11-09 - Bana 8,https://www.youtube.com/watch?v=gWApYGK62jQ,2025-11-09 18:30,Bana 8,120
Tränare Söndag 15.00 hösten 2025 2025-11-09 - Bana 7,https://www.youtube.com/watch?v=6f4pbMKuKvA,2025-11-09 15:00,Bana 7,90
Tränare Söndag 15.00 hösten 2025 2025-11-09 - Bana 8,https://www.youtube.com/watch?v=wa2jYiDqQt0,2025-11-09 15:00,Bana 8,90
!Förgätmigej hösten 2025 2025-11-05 - Bana 3,https://www.youtube.com/watch?v=1bYCGCcK828,2025-11-05 20:30,Bana 3,90
!Förgätmigej hösten 2025 2025-11-05 - Bana 4,https://www.youtube.com/watch?v=pqhNR9vLZlk,2025-11-05 20:30,Bana 4,90
Tränare Tisdag 20.30 hösten 2025 2025-11-04,https://www.youtube.com/watch?v=CcnVoVEIFoY,2025-11-04 20:30,Bana 8,90
Tränare Tisdag 17.00 hösten 2025 2025-11-04 - Bana 7,https://www.youtube.com/watch?v=XT0mw4MuSK8,2025-11-04 17:00,Bana 7,90
Tränare Tisdag 17.00 hösten 2025 2025-11-04 - Bana 8,https://www.youtube.com/watch?v=0XchuN-FmJs,2025-11-04 17:00,Bana 8,90
Tränare Måndag 20.30 hösten 2025 2025-11-03,https://www.youtube.com/watch?v=MXtwE_iXVys,2025-11-03 20:30,Bana 8,90
Tränare Måndag 19.00 hösten 2025 2025-11-03,https://www.youtube.com/watch?v=1qfpXIZfYHE,2025-11-03 19:00,Bana 8,90
Korall 2025-11-03,https://www.youtube.com/watch?v=ikAt7XA1WCA,2025-11-03 19:00,Bana 7,90
Tränare Måndag 17.00 hösten 2025 2025-11-03 - Bana 7,https://www.youtube.com/watch?v=aHPnhjC9ZjI,2025-11-03 17:00,Bana 7,120
Tränare Måndag 17.00 hösten 2025 2025-11-03 - Bana 8,https://www.youtube.com/watch?v=K4xeL31Dw2g,2025-11-03 17:00,Bana 8,120
Snödroppe hösten 2025 2025-11-02 - Bana 7,https://www.youtube.com/watch?v=WWTPz9wXq6Y,2025-11-02 18:30,Bana 7,120
Snödroppe hösten 2025 2025-11-02 - Bana 8,https://www.youtube.com/watch?v=XqSneQevJwM,2025-11-02 18:30,Bana 8,120
Tränare Söndag 15.00 hösten 2025 2025-11-02 - Bana 7,https://www.youtube.com/watch?v=fVtsg-JTz6I,2025-11-02 15:00,Bana 7,90
Tränare Söndag 15.00 hösten 2025 2025-11-02 - Bana 8,https://www.youtube.com/watch?v=YeQSCVSp3rY,2025-11-02 15:00,Bana 8,90
Final - Casper Tjernqvist / Teddie Almblad Engvall vs Fabian Ramén / Viktor Jonsson,https://www.youtube.com/watch?v=ONwjSe2Y1dg,2025-11-01 19:00,Bana 3,90
Final - Sofia Russo / Tina Thurin vs Sanna Thurin / Sofia Wahlén,https://www.youtube.com/watch?v=-C3lgLp_xms,2025-11-01 18:00,Bana 3,90
Semi 1 - Sofia Russo / Tina Thurin vs Joanna Saber / Emma Haglund,https://www.youtube.com/watch?v=eWNUUJSv1fw,2025-11-01 15:05,Bana 3,90
Semi 2 - Emilia Berg / Maja Berg vs Sanna Thurin / Sofia Wahlén,https://www.youtube.com/watch?v=UBH7EkrV6qk,2025-11-01 15:05,Bana 4,90
Semi 1 - Eivind Stenström / Emanuel Lundin vs Casper Tjernqvist / Teddie Almblad Engvall,https://www.youtube.com/watch?v=qQwjJAlzmWc,2025-11-01 15:05,Bana 7,90
Semi 2 - Fabian Ramén / Viktor Jonsson vs Mårten Norman / Alfred Mjörnheim,https://www.youtube.com/watch?v=Nl9xSk9q5_8,2025-11-01 15:05,Bana 8,90
Kvart 1 - Sofia Russo / Tina Thurin vs Lova Hägglund / Irma Mtabingwa Demilo,https://www.youtube.com/watch?v=b2_oVQTKS1k,2025-11-01 14:20,Bana 3,90
Kvart 1 - Eivind Stenström / Emanuel Lundin vs Arvid Hillgren / Simon Bosell Klyvare,https://www.youtube.com/watch?v=5t43ZRkGKOU,2025-11-01 14:20,Bana 7,90
Kvart 4 - Mårten Norman / Alfred Mjörnheim vs Nicklas Berger / Ossian Öhman,https://www.youtube.com/watch?v=b7y_BVl9Awo,2025-11-01 14:20,Bana 8,90
Kvart 4 - Sanna Thurin / Sofia Wahlén vs Linnea Neldemo / Sofia Uddin,https://www.youtube.com/watch?v=t7PfXwMmZRI,2025-11-01 14:15,Bana 4,90
Åttondel 1 - Mille Sahlberg Linder / Amos Bäckström vs Arvid Hillgren / Simon Bosell Klyva,https://www.youtube.com/watch?v=CBz86dE7wV4,2025-11-01 13:35,Bana 7,90
Åttondel 4 - Nicklas Berger / Ossian Öhman vs 3:an grupp C,https://www.youtube.com/watch?v=4KGbuwoJlSY,2025-11-01 13:35,Bana 8,90
Åttondel 1 - Lova Hägglund / Irma Mtabingwa Demilo vs Tanja Peltoarvo / Michaela Engman,https://www.youtube.com/watch?v=iFsYdDZSb_g,2025-11-01 13:30,Bana 3,90
Åttondel 4 - Linnea Neldemo / Sofia Uddin vs Amanda Norman / Johanna Rönnblom,https://www.youtube.com/watch?v=H3Ziv3x8yJk,2025-11-01 13:30,Bana 4,90
Gruppspel - Karin Leander / Ulrika Fromin vs Lisa Söderlund / Vanessa Paukovic,https://www.youtube.com/watch?v=4tVST3BlZgA,2025-11-01 12:45,Bana 3,90
Gruppspel - Johanna Frost / Sofia Kanerud vs Nataliia Kupovets / Elvira Carstedt,https://www.youtube.com/watch?v=3U_gQqf7ulc,2025-11-01 12:45,Bana 4,90
Gruppspel - Wilhelm Ek Tedefors / Andrea Volpato vs Love Linder / Theo Hiller,https://www.youtube.com/watch?v=4eoVDSv-xms,2025-11-01 12:45,Bana 8,90
Gruppspel - Sofia Russo / Tina Thurin vs Cornelia Björkquist / Louise Eklund,https://www.youtube.com/watch?v=ezZU50xFZdQ,2025-11-01 12:00,Bana 3,90
Gruppspel - Sanna Thurin / Sofia Wahlén vs Lova Hägglund / Irma Mtabingwa Demilo,https://www.youtube.com/watch?v=4ce0-Z1Q17Q,2025-11-01 12:00,Bana 4,90
Gruppspel - Martin Taxén / Manne Welin vs Eivind Stenström / Emanuel Lundin,https://www.youtube.com/watch?v=ocs9Ddhn1CU,2025-11-01 12:00,Bana 7,90
Gruppspel - Mårten Norman / Alfred Mjörnheim vs Mille Sahlberg Linder / Amos Bäckström,https://www.youtube.com/watch?v=jM5_HKOt1lM,2025-11-01 12:00,Bana 8,90
Gruppspel - Lisa Söderlund / Vanessa Paukovic vs Cornelia Björkquist / Louise Eklund,https://www.youtube.com/watch?v=sgo2jQmvEHQ,2025-11-01 11:15,Bana 3,90
Gruppspel - Nataliia Kupovets / Elvira Carstedt vs Lova Hägglund / Irma Mtabingwa Demilo,https://www.youtube.com/watch?v=OMgteEJcHRw,2025-11-01 11:15,Bana 4,90
Gruppspel - Eivind Stenström / Emanuel Lundin vs Fabian Ramén / Viktor Jonsson,https://www.youtube.com/watch?v=FSensLaCuRQ,2025-11-01 11:15,Bana 7,90
Gruppspel - Mille Sahlberg Linder / Amos Bäckström vs Love Linder / Theo Hiller,https://www.youtube.com/watch?v=l_8iQ_90bPs,2025-11-01 11:15,Bana 8,90
Gruppspel - Sofia Russo / Tina Thurin vs Karin Leander / Ulrika Fromin,https://www.youtube.com/watch?v=C1h7uIKsQLc,2025-11-01 10:30,Bana 3,90
Gruppspel - Sanna Thurin / Sofia Wahlén vs Johanna Frost / Sofia Kanerud,https://www.youtube.com/watch?v=Gl8h6BnN4i4,2025-11-01 10:30,Bana 4,90
Gruppspel - Fabian Ramén / Viktor Jonsson vs Martin Taxén / Manne Welin,https://www.youtube.com/watch?v=mSteH0UmDns,2025-11-01 10:30,Bana 7,90
Gruppspel - Mårten Norman / Alfred Mjörnheim vs Wilhelm Ek Tedefors / Andrea Volpato,https://www.youtube.com/watch?v=GEHq6vYkTwg,2025-11-01 10:30,Bana 8,90
Final - Tora Edvinsson / Nicolina Afsenius vs Rania Sehili / Hedwig Widegren,https://www.youtube.com/watch?v=NTrbPVb11-s,2025-10-31 12:45,Bana 7,90
Gruppspel - Tora Edvinsson / Nicolina Afsenius vs Rania Sehili / Hedwig Widegren,https://www.youtube.com/watch?v=zzFjILQAlZ4,2025-10-31 12:00,Bana 7,90
Gruppspel - Sofie Hanses / Anja Milakovic vs Stella Bolin / Maja Skoog,https://www.youtube.com/watch?v=NxDfd_nhAUE,2025-10-31 12:00,Bana 8,90
Gruppspel - Stella Bolin / Maja Skoog vs Tora Edvinsson / Nicolina Afsenius,https://www.youtube.com/watch?v=10XjD-83zV4,2025-10-31 11:15,Bana 7,90
Gruppspel - Sofie Hanses / Anja Milakovic vs Rania Sehili / Hedwig Widegren,https://www.youtube.com/watch?v=s2i4U1ah0mE,2025-10-31 11:15,Bana 8,90
Gruppspel - Tora Edvinsson / Nicolina Afsenius vs Sofie Hanses / Anja Milakovic,https://www.youtube.com/watch?v=LKhLVl3A-Sk,2025-10-31 10:30,Bana 7,90
Gruppspel - Rania Sehili / Hedwig Widegren vs Stella Bolin / Maja Skoog,https://www.youtube.com/watch?v=JiK8QQD05eU,2025-10-31 10:30,Bana 8,90
!Förgätmigej hösten 2025 2025-10-29 - Bana 3,https://www.youtube.com/watch?v=C93b4a1SVfw,2025-10-29 20:30,Bana 3,90
!Förgätmigej hösten 2025 2025-10-29 - Bana 4,https://www.youtube.com/watch?v=B9WEh0KI6IY,2025-10-29 20:30,Bana 4,90
Tränare Tisdag 20.30 hösten 2025 2025-10-28,https://www.youtube.com/watch?v=gliP-e0jydk,2025-10-28 20:30,Bana 8,90
Tränare Tisdag 17.00 hösten 2025 2025-10-28 - Bana 7,https://www.youtube.com/watch?v=jDQ350TTC1E,2025-10-28 17:00,Bana 7,90
Tränare Tisdag 17.00 hösten 2025 2025-10-28 - Bana 8,https://www.youtube.com/watch?v=PE9YR5Qixy8,2025-10-28 17:00,Bana 8,90
Tränare Måndag 20.30 hösten 2025 2025-10-27,https://www.youtube.com/watch?v=XjUgnWSnVws,2025-10-27 20:30,Bana 8,90
Tränare Måndag 19.00 hösten 2025 2025-10-27,https://www.youtube.com/watch?v=2YZAKuNQ9KQ,2025-10-27 19:00,Bana 8,90
Tränare Måndag 17.00 hösten 2025 2025-10-27 - Bana 7,https://www.youtube.com/watch?v=vgvv8CUXR6s,2025-10-27 17:00,Bana 7,120
Tränare Måndag 17.00 hösten 2025 2025-10-27 - Bana 7,https://www.youtube.com/watch?v=wr-s71PeDuA,2025-10-27 17:00,Bana 7,120
Tränare Måndag 17.00 hösten 2025 2025-10-27 - Bana 8,https://www.youtube.com/watch?v=nSQ3po2iCRw,2025-10-27 17:00,Bana 8,120
Snödroppe hösten 2025 2025-10-26 - Bana 7,https://www.youtube.com/watch?v=9dAByYEudKU,2025-10-26 18:30,Bana 7,120
Snödroppe hösten 2025 2025-10-26 - Bana 8,https://www.youtube.com/watch?v=b-GpIf_XKEk,2025-10-26 18:30,Bana 8,120
Tränare Söndag 15.00 hösten 2025 2025-10-26 - Bana 7,https://www.youtube.com/watch?v=MhZlDIHw_DM,2025-10-26 15:00,Bana 7,90
Tränare Söndag 15.00 hösten 2025 2025-10-26 - Bana 8,https://www.youtube.com/watch?v=m5gf0OOJVn4,2025-10-26 15:00,Bana 8,90
Final - Nataliia Kupovets / Jenny Strålman vs Marike Boger / Malin Bjärkstedt,https://www.youtube.com/watch?v=kaebrB9o-Vs,2025-10-25 17:15,Bana 3,90
Final - Simon Bager / Eivind Stenström vs Rasmus Eklund / Pavle Cani,https://www.youtube.com/watch?v=zsAHb7__Vpg,2025-10-25 17:15,Bana 7,90
Semi 1 - Nataliia Kupovets / Jenny Strålman vs Susanne Flisberg / Malin Sjögren,https://www.youtube.com/watch?v=tS5m4SaOUtg,2025-10-25 16:30,Bana 3,90
Semi 2 - Marike Boger / Malin Bjärkstedt vs Anna Hjärpe / Sofia Kanerud,https://www.youtube.com/watch?v=0AbQGLbZQ9U,2025-10-25 16:30,Bana 4,90
Semi 1 - Simon Bager / Eivind Stenström vs Oliver Lundmark / Jakob Stegemyr,https://www.youtube.com/watch?v=PMk4lk_77lg,2025-10-25 16:30,Bana 7,90
Semi 2 - Mikael Lidström / Gustav Westergren vs Rasmus Eklund / Pavle Cani,https://www.youtube.com/watch?v=Z_i-tTIRfuc,2025-10-25 16:30,Bana 8,90
Quart 1 - Nataliia Kupovets / Jenny Strålman vs Victoria Jonsson / Margarita Nilsson,https://www.youtube.com/watch?v=is7x6cKMnsk,2025-10-25 15:45,Bana 3,90
Quart 4 - Anna Hjärpe / Sofia Kanerud vs Lea Hellmig / Tuva Linde,https://www.youtube.com/watch?v=3AX3NcdwZpo,2025-10-25 15:45,Bana 4,90
Quart 1 - Simon Bager / Eivind Stenström vs Zia Qasemi / Marcus Grela,https://www.youtube.com/watch?v=C2LHQ5xaEKo,2025-10-25 15:45,Bana 7,90
Quart 4 - Mikael Billfors Gustavsson / Shahab Mesbah vs Rasmus Eklund / Pavle Cani,https://www.youtube.com/watch?v=97XJOD7ZzeI,2025-10-25 15:45,Bana 8,90
Åttondel 1 - Victoria Jonsson / Margarita Nilsson vs Linn Fredriksson / Malin Ebbinge,https://www.youtube.com/watch?v=xC2-nsWYeps,2025-10-25 15:00,Bana 3,90
Åttondel 4 - Lea Hellmig / Tuva Linde vs Nicolina Gvojic / Elin Engström,https://www.youtube.com/watch?v=8ppwq3X8lRA,2025-10-25 15:00,Bana 4,90
Åttondel 1 - Simon Bager / Eivind Stenström vs Jacob Immerstrand / Mattias Dammander Åberg,https://www.youtube.com/watch?v=Snptqg-r8Ig,2025-10-25 15:00,Bana 7,90
Quart 2 - Oliver Lundmark / Jakob Stegemyr vs Niklas Gustafsson / Henric Carlsson,https://www.youtube.com/watch?v=M8aoeRMr7VU,2025-10-25 15:00,Bana 8,90
Åttondel 3 - Oliver Lundmark / Jakob Stegemyr vs Jeroen De Bont / Tim Wimmelbacher,https://www.youtube.com/watch?v=lRE_Ntz-bEs,2025-10-25 14:15,Bana 8,90
Åttondel 6 - Robin Persson Turegård / Olle Svensson vs Mikael Lidström / Gustav Westergren,https://www.youtube.com/watch?v=GLvoi1mzIN8,2025-10-25 14:15,Bana 7,90
Gruppspel - Julia Li / Carolina Ogata vs Tove Sparrman / Isabella Mikkonen,https://www.youtube.com/watch?v=XxmeRckgBP8,2025-10-25 14:15,Bana 3,90
Gruppspel - Hanna Lejeby / Sandra Dahlin vs Wilma Wiklund / Lina Andersson,https://www.youtube.com/watch?v=EIr0e9wRSGY,2025-10-25 14:15,Bana 4,90
Sextondel 1 - Jacob Immerstrand / Mattias Dammander Åberg vs Oskar Billerfors / Erik Wangl,https://www.youtube.com/watch?v=nVQxHN70kF0,2025-10-25 13:30,Bana 7,90
Sextondel 2 - Jeroen De Bont / Tim Wimmelbacher vs 3:an grupp G,https://www.youtube.com/watch?v=_v50pFiPFCE,2025-10-25 13:30,Bana 8,90
Gruppspel - Nataliia Kupovets / Jenny Strålman vs Lea Hellmig / Tuva Linde,https://www.youtube.com/watch?v=3qwUGmT25so,2025-10-25 13:30,Bana 3,90
Gruppspel - Anna Hjärpe / Sofia Kanerud vs Victoria Jonsson / Margarita Nilsson,https://www.youtube.com/watch?v=6KbO9eg6el8,2025-10-25 13:30,Bana 4,90
Gruppspel - Tove Sparrman / Isabella Mikkonen vs Lea Hellmig / Tuva Linde,https://www.youtube.com/watch?v=u4wktDfUHJ4,2025-10-25 12:45,Bana 3,90
Gruppspel - Victoria Jonsson / Margarita Nilsson vs Wilma Wiklund / Lina Andersson,https://www.youtube.com/watch?v=j9Y1USvLUBg,2025-10-25 12:45,Bana 4,90
Gruppspel - Mikael Billfors Gustavsson / Shahab Mesbah vs Andreas Aurelius / Krister Sundq,https://www.youtube.com/watch?v=-J0zKEGj-e0,2025-10-25 12:45,Bana 7,90
Gruppspel - Robin Persson Turegård / Olle Svensson vs Wilhelm Ek Tedefors / Brady Nilsson,https://www.youtube.com/watch?v=KmX2apE21hA,2025-10-25 12:45,Bana 8,90
Gruppspel - Nataliia Kupovets / Jenny Strålman vs Julia Li / Carolina Ogata,https://www.youtube.com/watch?v=oIJOJkqjbGY,2025-10-25 12:00,Bana 3,90
Gruppspel - Anna Hjärpe / Sofia Kanerud vs Hanna Lejeby / Sandra Dahlin,https://www.youtube.com/watch?v=XzjpBnyfLC4,2025-10-25 12:00,Bana 4,90
Gruppspel - Andreas Aurelius / Krister Sundquist vs Oskar Billerfors / Erik Wangler,https://www.youtube.com/watch?v=WSNPj_-QauY,2025-10-25 12:00,Bana 7,90
Gruppspel - Anton Korablin / Alexander Mordovskiy vs Wilhelm Ek Tedefors / Brady Nilsson,https://www.youtube.com/watch?v=I11PAEUIQOM,2025-10-25 12:00,Bana 8,90
Förgätmigej hösten 2025 2025-10-22 - Bana 3,https://www.youtube.com/watch?v=0nv_AWCnt28,2025-10-22 20:30,Bana 3,90
Förgätmigej hösten 2025 2025-10-22 - Bana 4,https://www.youtube.com/watch?v=LEFCQajzhZY,2025-10-22 20:30,Bana 4,90
Tränare Tisdag 20.30 hösten 2025 2025-10-21,https://www.youtube.com/watch?v=orG7s4uaaL4,2025-10-21 20:30,Bana 8,90
Tränare Tisdag 17.00 hösten 2025 2025-10-21 - Bana 7,https://www.youtube.com/watch?v=5pGdh6RYiGg,2025-10-21 17:00,Bana 7,90
Tränare Tisdag 17.00 hösten 2025 2025-10-21 - Bana 8,https://www.youtube.com/watch?v=4um84kPRFFY,2025-10-21 17:00,Bana 8,90
Tränare Måndag 20.30 hösten 2025 2025-10-20,https://www.youtube.com/watch?v=ZPd3zZd0vXY,2025-10-20 20:30,Bana 8,90
Mån,https://www.youtube.com/watch?v=nb2gkXVtUjY,2025-10-20 19:30,Bana 7,90
Tränare Måndag 19.00 hösten 2025 2025-10-20,https://www.youtube.com/watch?v=v9SIW48z4Ys,2025-10-20 19:00,Bana 8,90
Tränare Måndag 17.00 hösten 2025 2025-10-20 - Bana 7,https://www.youtube.com/watch?v=pyYn3NEiiaM,2025-10-20 17:00,Bana 7,120
Tränare Måndag 17.00 hösten 2025 2025-10-20 - Bana 8,https://www.youtube.com/watch?v=GN9UkDw-grc,2025-10-20 17:00,Bana 8,120
Snödroppe hösten 2025 2025-10-19 - Bana 7,https://www.youtube.com/watch?v=Moe_jSfl5ws,2025-10-19 18:30,Bana 7,120
Snödroppe hösten 2025 2025-10-19 - Bana 8,https://www.youtube.com/watch?v=A7Q1SXmqNhI,2025-10-19 18:30,Bana 8,120
Tränare Söndag 15.00 hösten 2025 2025-10-19 - Bana 7,https://www.youtube.com/watch?v=q0t54zd8BMY,2025-10-19 15:00,Bana 7,90
Tränare Söndag 15.00 hösten 2025 2025-10-19 - Bana 8,https://www.youtube.com/watch?v=eDGF2TPlYys,2025-10-19 15:00,Bana 8,90
Final - Amanda Huldt / Tora Edvinsson vs Julia Fredriksson / Kajsa Edholm,https://www.youtube.com/watch?v=Blnz6ggpro4,2025-10-18 17:15,Bana 3,90
Final - Nik Johansson / Mantas Petrosius vs Jakob Liv / Jonas Pettersson,https://www.youtube.com/watch?v=d4XScENXfNE,2025-10-18 17:15,Bana 7,90
Semi 1 - Amanda Huldt / Tora Edvinsson vs Anneli Laarif Wolfers / Mirjam Sandström Melin,https://www.youtube.com/watch?v=pnxvave6GYg,2025-10-18 16:30,Bana 3,90
Semi 2 - Julia Fredriksson / Kajsa Edholm vs Eva Baggström / Julia Gustavsson Örn,https://www.youtube.com/watch?v=HSWuQdaMbhQ,2025-10-18 16:30,Bana 4,90
Semi 1 - Nik Johansson / Mantas Petrosius vs Micke Värmå / Zia Qasemi,https://www.youtube.com/watch?v=rcia9iA7ZnE,2025-10-18 16:30,Bana 7,90
Semi 2 - Jakob Liv / Jonas Pettersson vs Leonardo Broman Klemming / Oskar Öberg,https://www.youtube.com/watch?v=N-VuHTPYydU,2025-10-18 16:30,Bana 8,90
Quart 1 - Amanda Huldt / Tora Edvinsson vs Elin Engström / Victoria Tangas Malmgren,https://www.youtube.com/watch?v=zoR2ZwlJWdg,2025-10-18 15:45,Bana 3,90
Quart 4 - Eva Baggström / Julia Gustavsson Örn vs Anastasia Nilsson / Margarita Nilsson,https://www.youtube.com/watch?v=o00Lhx3DNrs,2025-10-18 15:45,Bana 4,90
Quart 1 - Nik Johansson / Mantas Petrosius vs Anton Korablin / Wilhelm Ek Tedefors,https://www.youtube.com/watch?v=-cpkYcwE9T0,2025-10-18 15:45,Bana 7,90
Quart 4 - Leonardo Broman Klemming / Oskar Öberg vs Joakim Allard / Jacob Immerstrand,https://www.youtube.com/watch?v=AMAygfU42uY,2025-10-18 15:45,Bana 8,90
Åttondel 1 - Elin Engström / Victoria Tangas Malmgren vs Frida Nellros / Juliana Lopes Mor,https://www.youtube.com/watch?v=6RR4QIv4dhk,2025-10-18 15:00,Bana 3,90
Åttondel 4 - Daniela Males / Vilma Rocio Ramirez Abrego vs Anastasia Nilsson / Margarita N,https://www.youtube.com/watch?v=6wsOa2I0TY8,2025-10-18 15:00,Bana 4,90
Åttondel 1 - Anton Korablin / Wilhelm Ek Tedefors vs Joao Gomes Neves / Per Näslund,https://www.youtube.com/watch?v=_-Ne1JccXS0,2025-10-18 15:00,Bana 7,90
Åttondel 4 - Joakim Allard / Jacob Immerstrand vs Adrian von Martens / David Von Martens,https://www.youtube.com/watch?v=xUMWmFVEXT4,2025-10-18 15:00,Bana 8,90
Gruppspel - Jessica Rosberg / Kathrin Bartholomäus vs Hedwig Widegren / Sara Raschperger,https://www.youtube.com/watch?v=nO_SVkdBEYo,2025-10-18 14:15,Bana 3,90
Gruppspel - Lena Youhanan / Jennifer Ivstam vs Jessica Kvint / Liwia Kubik,https://www.youtube.com/watch?v=SU4G8ckAo4Y,2025-10-18 14:15,Bana 4,90
Gruppspel - Ulf Viberg / Joel Silemo vs Oliver Reed / David Sivertsson,https://www.youtube.com/watch?v=J9Rm_YO152o,2025-10-18 14:15,Bana 7,90
Gruppspel - Johan Hyltner / Christian Wigren vs Jacob Mimon Ekqvist / Axel Brink,https://www.youtube.com/watch?v=ZWicRRHYwLk,2025-10-18 14:15,Bana 8,90
Gruppspel - Amanda Huldt / Tora Edvinsson vs Daniela Males / Vilma Rocio Ramirez Abrego,https://www.youtube.com/watch?v=9eMAgLh6fiQ,2025-10-18 13:30,Bana 3,90
Gruppspel - Eva Baggström / Julia Gustavsson Örn vs Elin Engström / Victoria Tangas Malmgr,https://www.youtube.com/watch?v=UPOcKaLgulw,2025-10-18 13:30,Bana 4,90
Gruppspel - Nik Johansson / Mantas Petrosius vs Joakim Allard / Jacob Immerstrand,https://www.youtube.com/watch?v=YJSilDQOfO4,2025-10-18 13:30,Bana 7,90
Gruppspel - Leonardo Broman Klemming / Oskar Öberg vs Anton Korablin / Wilhelm Ek Tedefors,https://www.youtube.com/watch?v=7CY4SStMWsw,2025-10-18 13:30,Bana 8,90
Gruppspel - Daniela Males / Vilma Rocio Ramirez Abrego vs Hedwig Widegren / Sara Raschperg,https://www.youtube.com/watch?v=he6KZljY-_A,2025-10-18 12:45,Bana 3,90
Gruppspel - Elin Engström / Victoria Tangas Malmgren vs Jessica Kvint / Liwia Kubik,https://www.youtube.com/watch?v=O1urtmZXKc8,2025-10-18 12:45,Bana 4,90
Gruppspel - Joakim Allard / Jacob Immerstrand vs Oliver Reed / David Sivertsson,https://www.youtube.com/watch?v=DhmYO3MkPJo,2025-10-18 12:45,Bana 7,90
Gruppspel - Anton Korablin / Wilhelm Ek Tedefors vs Jacob Mimon Ekqvist / Axel Brink,https://www.youtube.com/watch?v=K03BDw9gBmg,2025-10-18 12:45,Bana 8,90
Gruppspel - Amanda Huldt / Tora Edvinsson vs Jessica Rosberg / Kathrin Bartholomäus,https://www.youtube.com/watch?v=0a7ez53IZyA,2025-10-18 12:00,Bana 3,90
Gruppspel - Eva Baggström / Julia Gustavsson Örn vs Lena Youhanan / Jennifer Ivstam,https://www.youtube.com/watch?v=QrEI0foAP7Y,2025-10-18 12:00,Bana 4,90
Gruppspel - Nik Johansson / Mantas Petrosius vs Ulf Viberg / Joel Silemo,https://www.youtube.com/watch?v=Q_DLCoy2ne8,2025-10-18 12:00,Bana 7,90
Gruppspel - Leonardo Broman Klemming / Oskar Öberg vs Johan Hyltner / Christian Wigren,https://www.youtube.com/watch?v=sIAitpeYZJA,2025-10-18 12:00,Bana 8,90
Förgätmigej hösten 2025 2025-10-15 - Bana 3,https://www.youtube.com/watch?v=N1f31uxhgiA,2025-10-15 20:30,Bana 3,90
Förgätmigej hösten 2025 2025-10-15 - Bana 4,https://www.youtube.com/watch?v=3PO3EDkKadU,2025-10-15 20:30,Bana 4,90
Tränare Tisdag 20.30 hösten 2025 2025-10-14,https://www.youtube.com/watch?v=6anVkgonasg,2025-10-14 20:30,Bana 8,90
Tränare Tisdag 17.00 hösten 2025 2025-10-14 - Bana 7,https://www.youtube.com/watch?v=NBGLeZcxIcA,2025-10-14 17:00,Bana 7,90
Tränare Tisdag 17.00 hösten 2025 2025-10-14 - Bana 8,https://www.youtube.com/watch?v=ccQ1f9kNTkw,2025-10-14 17:00,Bana 8,90
Tränare Måndag 20.30 hösten 2025 2025-10-13,https://www.youtube.com/watch?v=1Iw-7pNQgUA,2025-10-13 20:30,Bana 8,90
Tedt,https://www.youtube.com/watch?v=ghDLGyvo66c,2025-10-13 19:04,Bana 7,90
Tränare Måndag 19.00 hösten 2025 2025-10-13,https://www.youtube.com/watch?v=0il_8_VDKVk,2025-10-13 19:00,Bana 8,90
Tränare Måndag 17.30 hösten 2025 2025-10-13 - Bana 7,https://www.youtube.com/watch?v=0jiTCC8j8GA,2025-10-13 17:30,Bana 7,90
Tränare Måndag 17.30 hösten 2025 2025-10-13 - Bana 8,https://www.youtube.com/watch?v=PoFn1H4LfKQ,2025-10-13 17:30,Bana 8,90
Snödroppe hösten 2025 2025-10-12 - Bana 7,https://www.youtube.com/watch?v=7Vw2wkypwks,2025-10-12 18:30,Bana 7,120
Snödroppe hösten 2025 2025-10-12 - Bana 8,https://www.youtube.com/watch?v=yp951S3S5jw,2025-10-12 18:30,Bana 8,120
Tränare Söndag 15.00 hösten 2025 2025-10-12 - Bana 7,https://www.youtube.com/watch?v=U5lmo_YrHYs,2025-10-12 15:00,Bana 7,90
Tränare Söndag 15.00 hösten 2025 2025-10-12 - Bana 8,https://www.youtube.com/watch?v=ElKVEZnmjok,2025-10-12 15:00,Bana 8,90
Final - Emma Haglund / Emmelie Viklund vs Emilia Berg / Maja Berg 2,https://www.youtube.com/watch?v=qnelemUvqkg,2025-10-11 18:58,Bana 4,90
Final - Emma Haglund / Emmelie Viklund vs Emilia Berg / Maja Berg,https://www.youtube.com/watch?v=CeUXdSeJzic,2025-10-11 17:15,Bana 4,90
Final - Mattias Haaparanta / Rasmus Bodén vs Nicklas Berger / Ossian Öhman,https://www.youtube.com/watch?v=qQG3AYwIko8,2025-10-11 17:15,Bana 7,90
Semi 1 - Emma Haglund / Emmelie Viklund vs Nataliia Kupovets / Elvira Carstedt,https://www.youtube.com/watch?v=T3Sf0qiG6Mw,2025-10-11 16:30,Bana 3,90
Semi 2 - Malin Evrenos / Joanna Saber vs Emilia Berg / Maja Berg,https://www.youtube.com/watch?v=OB6LnruIB7g,2025-10-11 16:30,Bana 4,90
Semi 1 - Fabian Isaksson / Linus Isaksson vs Mattias Haaparanta / Rasmus Bodén,https://www.youtube.com/watch?v=PrlYquS6mTk,2025-10-11 16:30,Bana 7,90
Semi 2 - Nicklas Berger / Ossian Öhman vs Vincent Sundell / Emanuel Lundin,https://www.youtube.com/watch?v=HVvHY5NwwAk,2025-10-11 16:30,Bana 8,90
Kvart 1 - Emma Haglund / Emmelie Viklund vs Tuva Linde / Sara Lindberg,https://www.youtube.com/watch?v=VIjGukBSZ8c,2025-10-11 15:45,Bana 3,90
Kvart 4 - Emilia Berg / Maja Berg vs Mara Mennuni / Anna Lennartsson,https://www.youtube.com/watch?v=t3AgG2Tgu-4,2025-10-11 15:45,Bana 4,90
Kvart 1 - Fabian Isaksson / Linus Isaksson vs Manne Welin / Mikael Lidström,https://www.youtube.com/watch?v=ZtcIh3--2mY,2025-10-11 15:45,Bana 7,90
Kvart 4 - Vincent Sundell / Emanuel Lundin vs Segraren 64,https://www.youtube.com/watch?v=LJ1uFBjKh2E,2025-10-11 15:45,Bana 8,90
Åttondel 1 - Johanna Frost / Sofia Kanerud vs Tuva Linde / Sara Lindberg,https://www.youtube.com/watch?v=jZE3hmFIyf0,2025-10-11 15:00,Bana 3,90
Åttondel 4 - Mara Mennuni / Anna Lennartsson vs Victoria Jonsson / Margarita Nilsson,https://www.youtube.com/watch?v=rF3xJLhccAs,2025-10-11 15:00,Bana 4,90
Åttondel 1 - Mille Sahlberg Linder / Pavle Cani vs Manne Welin / Mikael Lidström,https://www.youtube.com/watch?v=TIDB2LfMfGc,2025-10-11 15:00,Bana 7,90
Åttondel 4 - Måns Björn / Mathijs Bolin vs Tim Wimmelbacher / Shahab Mesbah,https://www.youtube.com/watch?v=Q_G2ACjNojE,2025-10-11 15:00,Bana 8,90
Gruppspel - Måns Björn / Mathijs Bolin vs Theo Hiller / Jack Lindborg,https://www.youtube.com/watch?v=TEuDOOGjIQE,2025-10-11 14:15,Bana 7,90
Gruppspel - Jesper Thulin / Viggo Gesar vs Elliott Bolin / Magnus Barck-Holst,https://www.youtube.com/watch?v=T1PLuvtCD8g,2025-10-11 14:15,Bana 8,90
Gruppspel - Anna Hjärpe / Karin Leander vs Mara Mennuni / Anna Lennartsson,https://www.youtube.com/watch?v=_BR1LE_hCH8,2025-10-11 13:55,Bana 3,90
Gruppspel - Johanna Frost / Sofia Kanerud vs Desiree Yrwing / Linda Beckius,https://www.youtube.com/watch?v=--5-T0y04aE,2025-10-11 13:55,Bana 4,90
Gruppspel - Fabian Isaksson / Linus Isaksson vs Winner 12,https://www.youtube.com/watch?v=HlaSpTe0UIY,2025-10-11 13:30,Bana 7,90
Gruppspel - Vincent Sundell / Emanuel Lundin vs Mille Sahlberg Linder / Pavle Cani,https://www.youtube.com/watch?v=FsvGe0nmehA,2025-10-11 13:30,Bana 8,90
Gruppspel - Mara Mennuni / Anna Lennartsson vs Emma Haglund / Emmelie Viklund,https://www.youtube.com/watch?v=zu_szmhj_tA,2025-10-11 13:10,Bana 3,90
Gruppspel - Desiree Yrwing / Linda Beckius vs Emilia Berg / Maja Berg,https://www.youtube.com/watch?v=FtNq9E5h10g,2025-10-11 13:10,Bana 4,90
Gruppspel - Mille Sahlberg Linder / Pavle Cani vs Elliott Bolin / Magnus Barck-Holst,https://www.youtube.com/watch?v=KudM5VXv748,2025-10-11 12:45,Bana 8,90
Gruppspel - Emma Haglund / Emmelie Viklund vs Anna Hjärpe / Karin Leander,https://www.youtube.com/watch?v=YoUywdaGOFs,2025-10-11 12:25,Bana 3,90
Gruppspel - Emilia Berg / Maja Berg vs Hanna Lejeby / Anna Eknor,https://www.youtube.com/watch?v=Vuqtc36AXAg,2025-10-11 12:00,Bana 4,90
Gruppspel - Fabian Isaksson / Linus Isaksson vs Måns Björn / Mathijs Bolin,https://www.youtube.com/watch?v=fH2SmrPihi4,2025-10-11 12:00,Bana 7,90
Gruppspel - Vincent Sundell / Emanuel Lundin vs Jesper Thulin / Viggo Gesar,https://www.youtube.com/watch?v=USmwUt7-ALg,2025-10-11 12:00,Bana 8,90
Förgätmigej hösten 2025 2025-10-08 - Bana 3,https://www.youtube.com/watch?v=gf8kv2rdl34,2025-10-08 20:30,Bana 3,90
Förgätmigej hösten 2025 2025-10-08 - Bana 4,https://www.youtube.com/watch?v=r30q1dqkzO4,2025-10-08 20:30,Bana 4,90
Tränare Tisdag 20.30 hösten 2025 2025-10-07,https://www.youtube.com/watch?v=nHQuPw0mXG0,2025-10-07 20:30,Bana 8,90
Tränare Tisdag 17.00 hösten 2025 2025-10-07 - Bana 7,https://www.youtube.com/watch?v=1rVC8tTR6S0,2025-10-07 17:00,Bana 7,90
Tränare Tisdag 17.00 hösten 2025 2025-10-07 - Bana 8,https://www.youtube.com/watch?v=ojKjcWWiQnU,2025-10-07 17:00,Bana 8,90
Tränare Måndag 20.30 hösten 2025 2025-10-06,https://www.youtube.com/watch?v=QawXSqLoF1s,2025-10-06 20:30,Bana 8,90
Tränare Måndag 19.00 hösten 2025 2025-10-06,https://www.youtube.com/watch?v=JqzoQvucbO8,2025-10-06 19:00,Bana 8,90
Test,https://www.youtube.com/watch?v=j6WCMJ998bI,2025-10-06 19:00,Bana 7,90
Tränare Måndag 17.30 hösten 2025 2025-10-06 - Bana 7,https://www.youtube.com/watch?v=Ep_hDHt6zr4,2025-10-06 17:30,Bana 7,90
Tränare Måndag 17.30 hösten 2025 2025-10-06 - Bana 8,https://www.youtube.com/watch?v=JzIkwhSRfIA,2025-10-06 17:30,Bana 8,90
Snödroppe hösten 2025 2025-10-05 - Bana 7,https://www.youtube.com/watch?v=yoqd2Uu-iXU,2025-10-05 18:30,Bana 7,120
Snödroppe hösten 2025 2025-10-05 - Bana 8,https://www.youtube.com/watch?v=k8pCOWDX74s,2025-10-05 18:30,Bana 8,120
Tränare Söndag 15.00 hösten 2025 2025-10-05 - Bana 7,https://www.youtube.com/watch?v=DXA82NsjutA,2025-10-05 15:00,Bana 7,90
Tränare Söndag 15.00 hösten 2025 2025-10-05 - Bana 8,https://www.youtube.com/watch?v=-vN01XOSVKM,2025-10-05 15:00,Bana 8,90
Match 2,https://www.youtube.com/watch?v=rnz2UhqfI1c,2025-10-04 18:30,Bana 7,90
Match 3,https://www.youtube.com/watch?v=1YOp8956fW8,2025-10-04 18:30,Bana 7,90
Match 4,https://www.youtube.com/watch?v=yKC8bRoOhDk,2025-10-04 18:30,Bana 7,90
Gruppspel - Alexander Knutsson Fiskvatn / Melvin Barmyr vs Vilgot Axland / Alexander Lindvall,https://www.youtube.com/watch?v=rwKelc60eWI,2025-10-04 16:00,Bana 8,90
Gruppspel - Elis Carlsson / Frank Carlsson vs Dante Moreira Ah-King / Tesla Ivanova Fagerlind,https://www.youtube.com/watch?v=LpBI-gp8YkQ,2025-10-04 16:00,Bana 7,90
Match 1,https://www.youtube.com/watch?v=52N5owB4-0U,2025-10-04 15:30,Bana 8,90
Gruppspel - Alexander Knutsson Fiskvatn / Melvin Barmyr vs Elis Carlsson / Frank Carlsson,https://www.youtube.com/watch?v=3ZfVR9SVIa4,2025-10-04 15:00,Bana 7,90
Gruppspel - Dante Moreira Ah-King / Tesla Ivanova Fagerlind vs Sebastian Särnbrink / Elias,https://www.youtube.com/watch?v=yPIT1Hi5qjM,2025-10-04 15:00,Bana 8,90
Gruppspel - Dante Moreira Ah-King / Tesla Ivanova Fagerlind vs Alexander Knutsson Fiskvatn,https://www.youtube.com/watch?v=-Wq0M2Pcnx0,2025-10-04 14:00,Bana 7,90
Gruppspel - Sebastian Särnbrink / Elias Holm Tylöskog vs Vilgot Axland / Alexander Lindvall,https://www.youtube.com/watch?v=ZwPDrdJTlMQ,2025-10-04 14:00,Bana 8,90
Gruppspel - Vilgot Axland / Alexander Lindvall vs Dante Moreira Ah-King / Tesla Ivanova Fagerlind,https://www.youtube.com/watch?v=n0ngX6tUnlE,2025-10-04 13:00,Bana 8,90
Gruppspel - Elis Carlsson / Frank Carlsson vs Sebastian Särnbrink / Elias Holm Tylöskog,https://www.youtube.com/watch?v=Fc4-RLOz4zQ,2025-10-04 13:00,Bana 7,90
Gruppspel - Vilgot Axland / Alexander Lindvall vs Elis Carlsson / Frank Carlsson,https://www.youtube.com/watch?v=Rrl9LhhrzsQ,2025-10-04 12:00,Bana 8,90
Gruppspel - Sebastian Särnbrink / Elias Holm Tylöskog vs Alexander Knutsson Fiskvatn / Melvin Barmyr,https://www.youtube.com/watch?v=ak9z6O4793g,2025-10-04 12:00,Bana 7,90
Förgätmigej hösten 2025 2025-10-01 - Bana 3,https://www.youtube.com/watch?v=EjHYhjoA-SM,2025-10-01 20:30,Bana 3,90
Förgätmigej hösten 2025 2025-10-01 - Bana 4,https://www.youtube.com/watch?v=d0EUaD0-mF4,2025-10-01 20:30,Bana 4,90
Tränare Tisdag 20.30 hösten 2025 2025-09-30,https://www.youtube.com/watch?v=yTbWRI_GdUE,2025-09-30 20:30,Bana 8,90
Tränare Tisdag 17.00 hösten 2025 2025-09-30 - Bana 7,https://www.youtube.com/watch?v=b2KOMcaA6GU,2025-09-30 17:00,Bana 7,90
Tränare Tisdag 17.00 hösten 2025 2025-09-30 - Bana 8,https://www.youtube.com/watch?v=yIQMVk1acJ8,2025-09-30 17:00,Bana 8,90
Tränare Måndag 20.30 hösten 2025 2025-09-29,https://www.youtube.com/watch?v=X10ubxQVndQ,2025-09-29 20:30,Bana 8,90
Tränare Måndag 19.00 hösten 2025 2025-09-29,https://www.youtube.com/watch?v=94s-kSS49UY,2025-09-29 19:00,Bana 8,90
Tränare Måndag 17.30 hösten 2025 2025-09-29 - Bana 7,https://www.youtube.com/watch?v=Y--LGun_510,2025-09-29 17:30,Bana 7,90
Tränare Måndag 17.30 hösten 2025 2025-09-29 - Bana 8,https://www.youtube.com/watch?v=fw3wQp4Tfqw,2025-09-29 17:30,Bana 8,90
Snödroppe hösten 2025 2025-09-28 - Bana 7,https://www.youtube.com/watch?v=jeuPDRvoZKk,2025-09-28 18:30,Bana 7,120
Snödroppe hösten 2025 2025-09-28 - Bana 8,https://www.youtube.com/watch?v=W31w5icBP_g,2025-09-28 18:30,Bana 8,120
Tränare Söndag 15.00 hösten 2025 2025-09-28 - Bana 7,https://www.youtube.com/watch?v=JACTl7CWT4g,2025-09-28 15:00,Bana 7,90
Tränare Söndag 15.00 hösten 2025 2025-09-28 - Bana 8,https://www.youtube.com/watch?v=_dxEx5B0b2s,2025-09-28 15:00,Bana 8,90
Final - Jeroen De Bont / Karin Leander vs Henric Carlsson / Linda Leopoldh,https://www.youtube.com/watch?v=ArbkJmUbrwY,2025-09-27 15:00,Bana 7,90
Plac 3-4 - Wilhelm Ek Tedefors / Tuva Linde vs Alexander Nordlöf / Lea Hellmig,https://www.youtube.com/watch?v=CgyPjYdiFTo,2025-09-27 15:00,Bana 8,90
Semi 1 - Jeroen De Bont / Karin Leander vs Wilhelm Ek Tedefors / Tuva Linde,https://www.youtube.com/watch?v=6_h0xnlJS2A,2025-09-27 14:15,Bana 7,90
Semi 2 - Alexander Nordlöf / Lea Hellmig vs Henric Carlsson / Linda Leopoldh,https://www.youtube.com/watch?v=lyOvpZf2onY,2025-09-27 14:15,Bana 8,90
Gruppspel - Wilhelm Ek Tedefors / Tuva Linde vs Henric Carlsson / Linda Leopoldh,https://www.youtube.com/watch?v=O5ZgfLsFv-8,2025-09-27 13:30,Bana 7,90
Gruppspel - Jeroen De Bont / Karin Leander vs Alexander Nordlöf / Lea Hellmig,https://www.youtube.com/watch?v=_VlyP8-X4D0,2025-09-27 13:30,Bana 8,90
Gruppspel - Alexander Nordlöf / Lea Hellmig vs Henric Carlsson / Linda Leopoldh,https://www.youtube.com/watch?v=GE4lrmlXqUc,2025-09-27 12:45,Bana 7,90
Gruppspel - Jeroen De Bont / Karin Leander vs Wilhelm Ek Tedefors / Tuva Linde,https://www.youtube.com/watch?v=sleA217mGuo,2025-09-27 12:45,Bana 8,90
Gruppspel - Jeroen De Bont / Karin Leander vs Henric Carlsson / Linda Leopoldh,https://www.youtube.com/watch?v=e4aShT0j-X8,2025-09-27 12:00,Bana 7,90
Gruppspel - Wilhelm Ek Tedefors / Tuva Linde vs Alexander Nordlöf / Lea Hellmig,https://www.youtube.com/watch?v=TjBjHFvBPkE,2025-09-27 12:00,Bana 8,90
Förgätmigej hösten 2025 2025-09-24 - Bana 3,https://www.youtube.com/watch?v=auUNSvzQjus,2025-09-24 20:30,Bana 3,90
Förgätmigej hösten 2025 2025-09-24 - Bana 4,https://www.youtube.com/watch?v=KTKbJPTr1qo,2025-09-24 20:30,Bana 4,90
Tränare Tisdag 20.30 hösten 2025 2025-09-23,https://www.youtube.com/watch?v=8TQwlqyVkLU,2025-09-23 20:30,Bana 8,90
Tränare Tisdag 17.00 hösten 2025 2025-09-23 - Bana 7,https://www.youtube.com/watch?v=tQkAHaukzZE,2025-09-23 17:00,Bana 7,90
Tränare Tisdag 17.00 hösten 2025 2025-09-23 - Bana 8,https://www.youtube.com/watch?v=x8TJmZXqvpI,2025-09-23 17:00,Bana 8,90
Tränare Måndag 20.30 hösten 2025 2025-09-22,https://www.youtube.com/watch?v=gVLMQc9A2is,2025-09-22 20:30,Bana 8,90
Tränare Måndag 19.00 hösten 2025 2025-09-22,https://www.youtube.com/watch?v=YgrSM0y6gXU,2025-09-22 19:00,Bana 8,90
Tränare Måndag 17.30 hösten 2025 2025-09-22 - Bana 7,https://www.youtube.com/watch?v=SSw3ngCMauM,2025-09-22 17:30,Bana 7,90
Tränare Måndag 17.30 hösten 2025 2025-09-22 - Bana 8,https://www.youtube.com/watch?v=UuBNmQQDcWU,2025-09-22 17:30,Bana 8,90
Snödroppe hösten 2025 2025-09-21 - Bana 7,https://www.youtube.com/watch?v=Jy2YvAtgeoY,2025-09-21 18:30,Bana 7,90
Snödroppe hösten 2025 2025-09-21 - Bana 8,https://www.youtube.com/watch?v=xS1yOEuOuYw,2025-09-21 18:30,Bana 8,90
Tränare Söndag 15.00 hösten 2025 2025-09-21 - Bana 7,https://www.youtube.com/watch?v=02hIECrzNWo,2025-09-21 15:00,Bana 7,90
Tränare Söndag 15.00 hösten 2025 2025-09-21 - Bana 8,https://www.youtube.com/watch?v=rj-Vn50pQzs,2025-09-21 15:00,Bana 8,90
Förgätmigej hösten 2025 2025-09-17 - Bana 3,https://www.youtube.com/watch?v=aWy35bORwkc,2025-09-17 20:30,Bana 3,90
Förgätmigej hösten 2025 2025-09-17 - Bana 4,https://www.youtube.com/watch?v=fgOfjfPpmSo,2025-09-17 20:30,Bana 4,90
Tränare Tisdag 20.30 hösten 2025 2025-09-16,https://www.youtube.com/watch?v=ZoGtOVH1EWc,2025-09-16 20:30,Bana 8,90
Tränare Tisdag 17.00 hösten 2025 2025-09-16 - Bana 7,https://www.youtube.com/watch?v=JTdt3RBNSi0,2025-09-16 17:00,Bana 7,90
Tränare Tisdag 17.00 hösten 2025 2025-09-16 - Bana 8,https://www.youtube.com/watch?v=qWliS5teYk4,2025-09-16 17:00,Bana 8,90
Tränare Måndag 20.30 hösten 2025 2025-09-15,https://www.youtube.com/watch?v=qkEsyjcjab8,2025-09-15 20:30,Bana 8,90
Tränare Måndag 19.00 hösten 2025 2025-09-15,https://www.youtube.com/watch?v=I8ru5TEY_Iw,2025-09-15 19:00,Bana 8,90
Måndag,https://www.youtube.com/watch?v=nJIWL1XvrqU,2025-09-15 19:00,Bana 7,90
Tränare Måndag 17.30 hösten 2025 2025-09-15 - Bana 7,https://www.youtube.com/watch?v=Bwujo4Zxl44,2025-09-15 17:30,Bana 7,90
Tränare Måndag 17.30 hösten 2025 2025-09-15 - Bana 8,https://www.youtube.com/watch?v=5WnmvD_LcZY,2025-09-15 17:30,Bana 8,90
Snödroppe hösten 2025 2025-09-14 - Bana 7,https://www.youtube.com/watch?v=s4jq7SCYQTU,2025-09-14 18:30,Bana 7,90
Snödroppe hösten 2025 2025-09-14 - Bana 8,https://www.youtube.com/watch?v=Pr_0kVQ23yM,2025-09-14 18:30,Bana 8,90
Tränare Söndag 15.00 hösten 2025 2025-09-14 - Bana 7,https://www.youtube.com/watch?v=Y9b_-ftvzx4,2025-09-14 15:00,Bana 7,90
Tränare Söndag 15.00 hösten 2025 2025-09-14 - Bana 8,https://www.youtube.com/watch?v=XcKZmgbbdKA,2025-09-14 15:00,Bana 8,90
testar,https://www.youtube.com/watch?v=V7BzNWQ89Qs,2025-09-11 19:30,Bana 8,90
test 2,https://www.youtube.com/watch?v=CnaBAcqkRJw,2025-09-11 19:30,Bana 8,90
Förgätmigej hösten 2025 2025-09-10 - Bana 3,https://www.youtube.com/watch?v=R8JpkWaeBK0,2025-09-10 20:30,Bana 3,90
Förgätmigej hösten 2025 2025-09-10 - Bana 4,https://www.youtube.com/watch?v=5X-OGzzc1rk,2025-09-10 20:30,Bana 4,90
Tränare Tisdag 20.30 hösten 2025 2025-09-09,https://www.youtube.com/watch?v=UCFgUWJeSyU,2025-09-09 20:30,Bana 8,90
Tränare Tisdag 17.00 hösten 2025 2025-09-09 - Bana 8,https://www.youtube.com/watch?v=Ml_QwGbnUps,2025-09-09 17:00,Bana 8,90
Tränare Måndag 20.30 hösten 2025 2025-09-08,https://www.youtube.com/watch?v=4nggNVivuS8,2025-09-08 20:30,Bana 8,90
Tränare Måndag 19.00 hösten 2025 2025-09-08,https://www.youtube.com/watch?v=VExaQWdk9xk,2025-09-08 19:00,Bana 8,90
Test,https://www.youtube.com/watch?v=gyGrdwPmSZA,2025-09-08 19:00,Bana 7,90
Tränare Måndag 17.30 hösten 2025 2025-09-08 - Bana 7,https://www.youtube.com/watch?v=EvZcG4f1r9U,2025-09-08 17:30,Bana 7,90
Tränare Måndag 17.30 hösten 2025 2025-09-08 - Bana 8,https://www.youtube.com/watch?v=8QbjxPJ4dkA,2025-09-08 17:30,Bana 8,90
Snödroppe hösten 2025 2025-09-07 - Bana 7,https://www.youtube.com/watch?v=nX79h1T4NdE,2025-09-07 18:30,Bana 7,90
Snödroppe hösten 2025 2025-09-07 - Bana 8,https://www.youtube.com/watch?v=ctXesmwozx4,2025-09-07 18:30,Bana 8,90
Förgätmigej hösten 2025 2025-09-03 - Bana 3,https://www.youtube.com/watch?v=9t5OAoX02Oo,2025-09-03 20:30,Bana 3,90
Förgätmigej hösten 2025 2025-09-03 - Bana 4,https://www.youtube.com/watch?v=ko-lv_CFyO8,2025-09-03 20:30,Bana 4,90
Prästkrage hösten 2025 2025-09-03,https://www.youtube.com/watch?v=hdyLz-Mjydo,2025-09-03 20:30,Bana 7,90
Pion hösten 2025 2025-09-03,https://www.youtube.com/watch?v=VGyeLvleMvM,2025-09-03 20:30,Bana 8,90
Blåklocka hösten 2025 2025-09-03 - Bana 3,https://www.youtube.com/watch?v=QTlZgp9mYiY,2025-09-03 19:00,Bana 3,90
Blåklocka hösten 2025 2025-09-03 - Bana 4,https://www.youtube.com/watch?v=Rt_U1g8O5Fc,2025-09-03 19:00,Bana 4,90
Blåklint hösten 2025 2025-09-03,https://www.youtube.com/watch?v=RwIxqyTq76U,2025-09-03 19:00,Bana 4,90
Maskros hösten 2025 2025-09-03 - Bana 7,https://www.youtube.com/watch?v=8Nv8vDzbSP4,2025-09-03 19:00,Bana 7,90
Maskros hösten 2025 2025-09-03 - Bana 8,https://www.youtube.com/watch?v=coGnDplcG30,2025-09-03 19:00,Bana 8,90
Snödroppe 31 aug - Bana 7,https://www.youtube.com/watch?v=ezyIBgP7aQc,2025-08-31 18:30,Bana 7,105
Snödroppe 31 aug - Bana 8,https://www.youtube.com/watch?v=6nMRjJNTwCo,2025-08-31 18:30,Bana 8,105
Klubblags-SM Ungdomar 2025 dag 1 bana U6,https://www.youtube.com/watch?v=GJAiKV8MIJU,2025-08-31 17:41,Mobilkamera 6,720
Klubblags-SM Ungdomar 2025 dag 1 bana U4,https://www.youtube.com/watch?v=2dPoK8tptC8,2025-08-31 12:01,Mobilkamera 4,720
Klubblags-SM Ungdomar 2025 dag 1 bana U4,https://www.youtube.com/watch?v=NNPuZUx6vL4,2025-08-31 11:57,Mobilkamera 4,720
Klubblags-SM Ungdomar 2025 dag 1 bana I8,https://www.youtube.com/watch?v=UwN6R7PkvvY,2025-08-30 20:42,Bana 8,720
Klubblags-SM Ungdomar 2025 dag 1 bana I7,https://www.youtube.com/watch?v=GA3sMilzI4s,2025-08-30 08:40,Bana 7,720
Klubblags-SM Ungdomar 2025 dag 1 bana I8,https://www.youtube.com/watch?v=kU4QYMltPWI,2025-08-30 08:37,Bana 8,720
Klubblags-SM Ungdomar 2025 dag 1 bana I7,https://www.youtube.com/watch?v=kRz2sSQGi-8,2025-08-30 01:20,Bana 7,720
Kval Klubblags-SM Dag 2 Bana I7,https://www.youtube.com/watch?v=UEa_WmHVy1w,2025-08-30 01:18,Bana 7,720
Kval Klubblags-SM Dag 2 Bana I7,https://www.youtube.com/watch?v=KCuwa55Hjss,2025-08-30 01:06,Bana 7,720
Kval Klubblags-SM Dag 2 Bana I7,https://www.youtube.com/watch?v=PLax6a7DxRI,2025-08-30 00:58,Bana 7,720
Kval Klubblags-SM Dag 2 Bana I7,https://www.youtube.com/watch?v=2EONEHeL0dI,2025-08-30 00:55,Bana 7,720
Kval Klubblags-SM Dag 2 Bana I7,https://www.youtube.com/watch?v=3NeZxdGV9bU,2025-08-30 00:51,Bana 7,720
Kval Klubblags-SM Dag 2 Bana I7,https://www.youtube.com/watch?v=Lb0oTUKQ74A,2025-08-30 00:47,Bana 7,720
Kval Klubblags-SM Dag 2 Bana I7,https://www.youtube.com/watch?v=n12KEm2xy8M,2025-08-30 00:45,Bana 7,720
Nytt test,https://www.youtube.com/watch?v=x8Fshx71B7w,2025-08-30 00:35,Bana 7,90
Kval Klubblags-SM Dag 2 Bana I7,https://www.youtube.com/watch?v=haf2OvrBAB0,2025-08-30 00:33,Bana 7,720
Kval Klubblags-SM Dag 2 Bana I7,https://www.youtube.com/watch?v=Fgkod8wwfdw,2025-08-30 00:29,Bana 7,720
Kval Klubblags-SM Dag 2 Bana I7,https://www.youtube.com/watch?v=nMKLR5yhRVQ,2025-08-30 00:15,Bana 7,720
Kval Klubblags-SM Dag 2 Bana I7,https://www.youtube.com/watch?v=Bb4EaWeUAeM,2025-08-29 23:54,Bana 7,720
Test,https://www.youtube.com/watch?v=fwIVs3fRkYQ,2025-08-29 23:35,Bana 8,90
Kval Klubblags-SM Dag 2 Bana I4,https://www.youtube.com/watch?v=4WHOOSDX3bM,2025-08-29 23:19,NULL,720
Kval Klubblags-SM Dag 2 Bana I8,https://www.youtube.com/watch?v=MTAUtwwst-o,2025-08-29 23:16,Bana 8,720
Kval Klubblags-SM Dag 2 Bana I7,https://www.youtube.com/watch?v=woiwAWMx274,2025-08-29 23:13,Bana 7,720
Gruppspel - Markus Ohannessian / Gustav Danzan vs Oscar Dalin Bjerner / Vidar Vallin,https://www.youtube.com/watch?v=nXU13b3KEG8,2025-07-06 11:00,Bana 4,90
Final - Erik Wangler / Oskar Billerfors vs Marcus Wreber / Fredrik Haglund,https://www.youtube.com/watch?v=wCUcTpD7vsA,2025-07-05 17:15,Bana 7,90
Semi 1 - Erik Wangler / Oskar Billerfors vs Rikard Törne / Simon Rustas,https://www.youtube.com/watch?v=2EIeM-Bw6bo,2025-07-05 16:30,Bana 7,90
Semi 2 - Marcus Wreber / Fredrik Haglund vs Jack Lindborg / Axel Falk,https://www.youtube.com/watch?v=dkCMgQFUNhM,2025-07-05 16:30,Bana 8,90
Quart 1 - Henry Nordin Ottosson / Jacob Lindborg vs Erik Wangler / Oskar Billerfors,https://www.youtube.com/watch?v=vFHNKx6JBto,2025-07-05 15:45,Bana 7,90
Final - Molly Bäckstrand / Nicolina Afsenius vs Lisette Knutsson Fiskvatn / Wilma Wiklund,https://www.youtube.com/watch?v=FK-6MFye6HI,2025-07-05 15:45,Bana 3,90
Quart 4 - Jack Lindborg / Axel Falk vs Anton Korablin / Alexander Mordovskiy,https://www.youtube.com/watch?v=alQ5i0wcFH8,2025-07-05 15:45,Bana 8,90
Åttondel 1 - Erik Wangler / Oskar Billerfors vs Philip Kuehn Krylborn / Simon Ahlback Kindestam,https://www.youtube.com/watch?v=ZzkrGd5gwqo,2025-07-05 15:00,Bana 7,90
Semi 1 - Molly Bäckstrand / Nicolina Afsenius vs Amanda Huldt / Mika Lönnerstam,https://www.youtube.com/watch?v=pE1FrU2k5Bs,2025-07-05 15:00,Bana 3,90
Semi 2 - Lisette Knutsson Fiskvatn / Wilma Wiklund vs Linn Fredriksson / Malin Ebbinge,https://www.youtube.com/watch?v=28Sx6QltPw4,2025-07-05 15:00,Bana 4,90
Åttondel 4 - Anton Korablin / Alexander Mordovskiy vs Marcus Ehrnholm / Henning Zettergren,https://www.youtube.com/watch?v=JuoCavyHVcE,2025-07-05 15:00,Bana 8,90
Gruppspel - Jonas Pettersson / Jonathan Tesfamichale vs Sam Almblad Engvall / Elvin Almblad Engvall,https://www.youtube.com/watch?v=k7KukvUKCG4,2025-07-05 14:15,Bana 7,90
Quart 1 - Alexia-Mia Eguez Veliz / Saga Winkiel vs Amanda Huldt / Mika Lönnerstam,https://www.youtube.com/watch?v=QJ5JIOSZ368,2025-07-05 14:15,Bana 3,90
Quart 2 - Linn Fredriksson / Malin Ebbinge vs Liwia Kubik / Monika Ezerskyte,https://www.youtube.com/watch?v=kZqYGKWfcQI,2025-07-05 14:15,Bana 4,90
Gruppspel - Oskar Mjörnheim / Dawid Pasierowski vs Sebastian Gäll / Rickard Lindholm,https://www.youtube.com/watch?v=B3oQTmkUm58,2025-07-05 14:15,Bana 8,90
Gruppspel - Anton Korablin / Alexander Mordovskiy vs Henry Nordin Ottosson / Jacob Lindborg,https://www.youtube.com/watch?v=66mickJINS8,2025-07-05 13:30,Bana 7,90
Gruppspel - Liwia Kubik / Monika Ezerskyte vs Daniela Males / Maria Bodén,https://www.youtube.com/watch?v=VU-UPeOrgLM,2025-07-05 13:30,Bana 3,90
Gruppspel - Emma Strandberg / Marisol Sanchez vs Alexia-Mia Eguez Veliz / Saga Winkiel,https://www.youtube.com/watch?v=CVW92fCbbS0,2025-07-05 13:30,Bana 4,90
Gruppspel - Erik Wangler / Oskar Billerfors vs Jack Lindborg / Axel Falk,https://www.youtube.com/watch?v=Xs5viOGNgzU,2025-07-05 13:30,Bana 8,90
Gruppspel - Henry Nordin Ottosson / Jacob Lindborg vs Sam Almblad Engvall / Elvin Almblad Engvall 2,https://www.youtube.com/watch?v=AXGe-IiHNxc,2025-07-05 13:16,Bana 7,90
Gruppspel - Henry Nordin Ottosson / Jacob Lindborg vs Sam Almblad Engvall / Elvin Almblad Engvall,https://www.youtube.com/watch?v=geKXoAW0FEQ,2025-07-05 12:45,Bana 7,90
Gruppspel - Daniela Males / Maria Bodén vs Molly Bäckstrand / Nicolina Afsenius,https://www.youtube.com/watch?v=nLsBVxPoDxM,2025-07-05 12:45,Bana 3,90
Gruppspel - Alexia-Mia Eguez Veliz / Saga Winkiel vs Lisette Knutsson Fiskvatn / Wilma Wiklund,https://www.youtube.com/watch?v=xVNE-cvP2HE,2025-07-05 12:45,Bana 4,90
Gruppspel - Sebastian Gäll / Rickard Lindholm vs Jack Lindborg / Axel Falk,https://www.youtube.com/watch?v=woi65B2RpLk,2025-07-05 12:45,Bana 8,90
Gruppspel - Jonas Pettersson / Jonathan Tesfamichale vs Anton Korablin / Alexander Mordovskiy,https://www.youtube.com/watch?v=1H2qUk_4i-0,2025-07-05 12:00,Bana 7,90
Gruppspel - Måns Björn / Leonardo Klemming vs Marcus Ehrnholm / Henning Zettergren,https://www.youtube.com/watch?v=0_kieCTbFVQ,2025-07-05 12:00,Bana 7,90
Turkos 2025-06-04 - Bana 8,https://www.youtube.com/watch?v=067ZUiGDXkM,2025-06-04 20:30,Bana 8,90
Serveträning måndagar 2025-06-02,https://www.youtube.com/watch?v=DyIMmw7zvK4,2025-06-02 20:30,Mobilkamera 1,90
Vit 2025-06-01 - Bana 8,https://www.youtube.com/watch?v=KHVcTpnU6oQ,2025-06-01 18:30,Bana 8,120
Kids,https://www.youtube.com/watch?v=M-rG77ycDqc,2025-06-01 17:35,Bana 7,90
Gul 2025-06-01 - Bana 8,https://www.youtube.com/watch?v=wxLrMTXZFMA,2025-06-01 17:00,Bana 8,90
Kval Klubblags-SM Dag 2 Bana 6,https://www.youtube.com/watch?v=VqmhA3FO8Bk,2025-05-25 15:23,Mobilkamera 6,720
Kval Klubblags-SM Dag 2 Bana 6,https://www.youtube.com/watch?v=HrgS2AM3qU0,2025-05-25 14:25,Mobilkamera 6,720
Kval Klubblags-SM Dag 2 Bana 4,https://www.youtube.com/watch?v=_nwzgdsJl1I,2025-05-25 12:50,Mobilkamera 4,720
Kval Klubblags-SM Dag 2 Bana 5,https://www.youtube.com/watch?v=k19ovTn6FEU,2025-05-25 12:40,Mobilkamera 5,720
Kval Klubblags-SM Dag 2 Bana 6,https://www.youtube.com/watch?v=iiRS6nMQOXA,2025-05-25 10:14,Mobilkamera 6,720
Kval Klubblags-SM Dag 2 Bana 6,https://www.youtube.com/watch?v=4wivDnXHylQ,2025-05-25 10:08,Mobilkamera 6,720
Kval Klubblags-SM Dag 2 Bana 5,https://www.youtube.com/watch?v=x94lNyho_Nc,2025-05-25 10:07,Mobilkamera 5,720
Kval Klubblags-SM Dag 2 Bana 3,https://www.youtube.com/watch?v=KvZGMiAv8pg,2025-05-25 09:42,Mobilkamera 3,720
Kval Klubblags-SM Dag 2 Bana 3,https://www.youtube.com/watch?v=UTl27vDfAMk,2025-05-25 09:31,Mobilkamera 3,720
Kval Klubblags-SM Dag 1 Bana 3,https://www.youtube.com/watch?v=mPchEM-__qs,2025-05-24 17:17,Mobilkamera 3,720
Kval Klubblags-SM Dag 1 Bana 7,https://www.youtube.com/watch?v=d-6MQp8k0Ho,2025-05-24 16:41,Mobilkamera 7,720
Kval Klubblags-SM Dag 1 Bana 7,https://www.youtube.com/watch?v=CxsDMGWyMo8,2025-05-24 16:39,Mobilkamera 7,720
Kval Klubblags-SM Dag 1 Bana 5,https://www.youtube.com/watch?v=idlS9Jd-6iQ,2025-05-24 16:12,Mobilkamera 5,720
Kval Klubblags-SM Dag 1 Bana 4,https://www.youtube.com/watch?v=whbsfq_N1hk,2025-05-24 16:11,Mobilkamera 4,720
Kval Klubblags-SM Dag 1 Bana 6,https://www.youtube.com/watch?v=XUWlGcVTpqU,2025-05-24 15:58,Mobilkamera 6,720
Kval Klubblags-SM Dag 1 Bana 2,https://www.youtube.com/watch?v=tmjfqdH1pYs,2025-05-24 15:31,Mobilkamera 2,720
Kval Klubblags-SM Dag 1 Bana 3,https://www.youtube.com/watch?v=AjtDPC_3KQg,2025-05-24 15:29,Mobilkamera 3,720
Kval Klubblags-SM Dag 1 Bana 5,https://www.youtube.com/watch?v=exY3At52MVs,2025-05-24 14:39,Mobilkamera 5,720
Kval Klubblags-SM Dag 1 Bana 4,https://www.youtube.com/watch?v=b2qgvZ-S8Vk,2025-05-24 14:38,Mobilkamera 4,720
Kval Klubblags-SM Dag 1 Bana 3,https://www.youtube.com/watch?v=IQV1CPxSEE0,2025-05-24 14:30,Mobilkamera 3,720
Kval Klubblags-SM Dag 1 Bana 5,https://www.youtube.com/watch?v=SiTt5JnKTRk,2025-05-24 14:28,Mobilkamera 5,720
Kval Klubblags-SM Dag 1 Bana 6,https://www.youtube.com/watch?v=TNdgTKcucOY,2025-05-24 14:24,Mobilkamera 6,720
Kval Klubblags-SM Dag 1 Bana 4,https://www.youtube.com/watch?v=qOXz2KZc_Dc,2025-05-24 14:22,Mobilkamera 4,720
Kval Klubblags-SM Dag 1 Bana 2,https://www.youtube.com/watch?v=8PYfcZAW2j0,2025-05-24 14:20,Mobilkamera 2,720
Kval Klubblags-SM Dag 1 Bana 4,https://www.youtube.com/watch?v=WpNTxU4_0jw,2025-05-24 13:51,Mobilkamera 4,720
Kval Klubblags-SM Dag 1 Bana 6,https://www.youtube.com/watch?v=l1nWLryoqXg,2025-05-24 13:23,Mobilkamera 6,720
Kval Klubblags-SM Dag 1 Bana 6,https://www.youtube.com/watch?v=RrWj-Gb7USg,2025-05-24 13:15,Mobilkamera 6,720
Kval Klubblags-SM Dag 1 Bana 6,https://www.youtube.com/watch?v=wM1D3_womM4,2025-05-24 13:07,Mobilkamera 6,720
Kval Klubblags-SM Dag 1 Bana 6,https://www.youtube.com/watch?v=cfs3OCwcP-s,2025-05-24 12:47,Mobilkamera 6,720
Kval Klubblags-SM Dag 1 Bana 5,https://www.youtube.com/watch?v=nSXIzzl07oA,2025-05-24 12:38,Mobilkamera 5,720
Kval Klubblags-SM Dag 1 Bana 4,https://www.youtube.com/watch?v=JGRPaODdVwk,2025-05-24 12:36,Mobilkamera 4,720
Kval Klubblags-SM Dag 1 Bana 3,https://www.youtube.com/watch?v=P6ttxWkvEzQ,2025-05-24 12:34,Mobilkamera 3,720
Kval Klubblags-SM Dag 1 Bana 2,https://www.youtube.com/watch?v=esUfvL7nRTo,2025-05-24 12:32,Mobilkamera 2,720
Kval Klubblags-SM Dag 1 Bana 2,https://www.youtube.com/watch?v=jCcSHV8oEi4,2025-05-24 11:52,Mobilkamera 2,720
Kval Klubblags-SM Dag 1 Bana 4,https://www.youtube.com/watch?v=ndO1yIcsKQI,2025-05-24 11:51,Mobilkamera 4,720
Kval Klubblags-SM Dag 1 Bana 5,https://www.youtube.com/watch?v=VrZSPjYf4PE,2025-05-24 11:32,Mobilkamera 5,720
Kval Klubblags-SM Dag 1 Bana 4,https://www.youtube.com/watch?v=w5qrxs8zx5g,2025-05-24 11:31,Mobilkamera 4,720
Kval Klubblags-SM Dag 1 Bana 2,https://www.youtube.com/watch?v=hEeMo8Ar6gw,2025-05-24 11:11,Mobilkamera 2,720
Kval Klubblags-SM Dag 1 Bana 4,https://www.youtube.com/watch?v=pmRxJ7H1fxA,2025-05-24 11:00,Mobilkamera 4,720
Kval Klubblags-SM Dag 1 Bana 3,https://www.youtube.com/watch?v=uzQ-Y2Obb0o,2025-05-24 10:52,Mobilkamera 3,720
Kval Klubblags-SM Dag 1 Bana 6,https://www.youtube.com/watch?v=aReKpcn50mE,2025-05-24 10:50,Mobilkamera 6,720
Kval Klubblags-SM Dag 1 Bana 6,https://www.youtube.com/watch?v=HZYQuTbfMzY,2025-05-24 10:21,Mobilkamera 6,720
Kval Klubblags-SM Dag 1 Bana 2,https://www.youtube.com/watch?v=hu6TWtdtRQ4,2025-05-24 10:16,Mobilkamera 2,720
Kval Klubblags-SM Dag 1 Bana 3,https://www.youtube.com/watch?v=ahtzwKP8-x4,2025-05-24 10:12,Mobilkamera 3,720
Kval Klubblags-SM Dag 1 Bana 3,https://www.youtube.com/watch?v=3X_pitp_g_E,2025-05-24 10:08,Mobilkamera 2,720
Kval Klubblags-SM Dag 1 Bana 2,https://www.youtube.com/watch?v=c1Mewo4zETc,2025-05-24 09:35,Mobilkamera 1,720
Kval Klubblags-SM Dag 1 Bana 3,https://www.youtube.com/watch?v=S8EcMfPR3u0,2025-05-23 23:42,Mobilkamera 3,720
Kval Klubblags-SM Dag 1 Bana 2,https://www.youtube.com/watch?v=1UkTdWhW-b8,2025-05-23 23:34,Bana 4,720
Kval Klubblags-SM Dag 1 Bana 2,https://www.youtube.com/watch?v=zIqoGveTSZ0,2025-05-23 23:25,Bana 4,720
Ban-test,https://www.youtube.com/watch?v=lZ9Tn7pYhbU,2025-05-18 16:30,Bana 8,5
Remote-test,https://www.youtube.com/watch?v=tJOafGilh0I,2025-05-18 14:30,Mobilkamera 1,10
Gruppspel - Gustav Molin / Jakob Molin vs Alexander Landborn / Niklas Gustafsson,https://www.youtube.com/watch?v=6P_z_DwJU1g,2025-05-17 14:15,Bana 7,90
Gruppspel - Stefan Karlsson / Dimitrij Von Martens vs Hugo Hartzell / Pavle Cani,https://www.youtube.com/watch?v=Dd8XUO38jhI,2025-05-17 14:15,Bana 8,90
Gruppspel - Evgenia Prykhodko / Ioana Gogolan vs Victoria Jonsson / Karin Leander,https://www.youtube.com/watch?v=xcUTb2hkIbg,2025-05-17 14:15,Bana 4,90
Gruppspel - Gustav Molin / Jakob Molin vs Stefan Karlsson / Dimitrij Von Martens,https://www.youtube.com/watch?v=OPemQ3wPy2w,2025-05-17 13:30,Bana 7,90
Gruppspel - Hugo Hartzell / Pavle Cani vs Alexander Landborn / Niklas Gustafsson,https://www.youtube.com/watch?v=y3wMieD29vc,2025-05-17 13:30,Bana 8,90
Gruppspel - Joanna Saber / Vanessa Paukovic vs Desiree Yrwing / Angela Stjernström,https://www.youtube.com/watch?v=wXsnjdrttGs,2025-05-17 13:30,Bana 4,90
Gruppspel - Rasmus Bodén / Nicklas Berger vs Jacob Immerstrand / Nik Johansson,https://www.youtube.com/watch?v=yGKJAKgzMCg,2025-05-17 12:45,Bana 7,90
Gruppspel - Zia Qasemi / Jacky Lee vs Ossian Öhman / Valentino Nordh Öhman,https://www.youtube.com/watch?v=fWY2SZHCDnY,2025-05-17 12:45,Bana 8,90
Gruppspel - Desiree Yrwing / Angela Stjernström vs Victoria Jonsson / Karin Leander,https://www.youtube.com/watch?v=9iAlpM3hi6o,2025-05-17 12:45,Bana 4,90
Gruppspel - Rasmus Bodén / Nicklas Berger vs Zia Qasemi / Jacky Lee,https://www.youtube.com/watch?v=W_NIyxb-GaY,2025-05-17 12:00,Bana 7,90
Gruppspel - Joanna Saber / Vanessa Paukovic vs Evgenia Prykhodko / Ioana Gogolan,https://www.youtube.com/watch?v=0FNgXdKANkE,2025-05-17 12:00,Bana 4,90
Cerise 2025-04-28 - Court 1,https://www.youtube.com/watch?v=753lMB-Vm4c,2025-04-28 19:00,Bana 7,90
Final - R.  Bodén / M.  Ohlsson vs A.  Mjörnheim / M.  Nordin (continued),https://www.youtube.com/watch?v=RE072n6398I,2025-04-26 18:59,Mobilkamera 1,90
Final - E.  Öpik / I.  Axland vs S.  Russo / S.  Cavretti,https://www.youtube.com/watch?v=qqxMa3tYPw8,2025-04-26 18:00,Mobilkamera 1,90
Final - R.  Bodén / M.  Ohlsson vs A.  Mjörnheim / M.  Nordin,https://www.youtube.com/watch?v=4jhG42RwLJs,2025-04-26 17:00,Mobilkamera 1,90
Semi 1 - E.  Öpik / I.  Axland vs J.  Saber / E.  Haglund (continued),https://www.youtube.com/watch?v=D31rmVkcq1g,2025-04-26 16:04,Mobilkamera 1,90
Semi 1 - E.  Öpik / I.  Axland vs J.  Saber / E.  Haglund,https://www.youtube.com/watch?v=mSemROuhPn0,2025-04-26 15:00,Mobilkamera 1,90
Semi 2 - S.  Russo / S.  Cavretti vs L.  Russo / E.  Ottosson,https://www.youtube.com/watch?v=tqGhHS0Kd9o,2025-04-26 15:00,Bana 4,90
Semi 1 - R.  Bodén / M.  Ohlsson vs S.  Klyvare / O.  Öhman,https://www.youtube.com/watch?v=D8c7RX2bItg,2025-04-26 15:00,Bana 7,90
Semi 2 - N.  Berger / R.  Eklund vs A.  Mjörnheim / M.  Nordin,https://www.youtube.com/watch?v=OhOqU816IaY,2025-04-26 15:00,Bana 8,90
Kvart 1 - E.  Öpik / I.  Axland vs E.  Carstedt / A.  Linderoth,https://www.youtube.com/watch?v=HXF2G_Uf_2A,2025-04-26 14:15,Mobilkamera 1,90
Kvart 4 - S.  Thurin / S.  Thurin vs L.  Russo / E.  Ottosson,https://www.youtube.com/watch?v=CKGwlNIKwJY,2025-04-26 14:15,Bana 4,90
Kvart 1 - R.  Bodén / M.  Ohlsson vs A.  Ståhle / T.  Norup,https://www.youtube.com/watch?v=RZoarEQhuwU,2025-04-26 14:15,Bana 7,90
Kvart 4 - A.  Mjörnheim / M.  Nordin vs E.  Stenström / S.  Bager,https://www.youtube.com/watch?v=TL-z-GTFeRA,2025-04-26 14:15,Bana 8,90
Åttondel 1 - L.  Eklund / A.  Norman vs E.  Carstedt / A.  Linderoth,https://www.youtube.com/watch?v=UzvPxIFGPkw,2025-04-26 13:30,Mobilkamera 1,90
Åttondel 4 - V.  Paukovic / T.  Peltoarvo vs L.  Russo / E.  Ottosson,https://www.youtube.com/watch?v=dgcTaddroWk,2025-04-26 13:30,Bana 4,90
Åttondel 1 - A.  Ståhle / T.  Norup vs P.  Cani / T.  Verhaeghen,https://www.youtube.com/watch?v=Wuz6QQNlszk,2025-04-26 13:30,Bana 7,90
Åttondel 4 - E.  Stenström / S.  Bager vs G.  Westergren / M.  Långström,https://www.youtube.com/watch?v=Ph8U6lPxWEU,2025-04-26 13:30,Bana 8,90
Gruppspel - T.  Thurin / Å.  Thurin vs S.  Areblad De Los Reyes / J.  Strålman,https://www.youtube.com/watch?v=qBTH3EZ0NFA,2025-04-26 12:45,Mobilkamera 1,90
Gruppspel - D.  Yrwing / Å.  Hedman vs M.  Stavander / J.  Solod,https://www.youtube.com/watch?v=iwT8TCSJCC4,2025-04-26 12:45,Bana 4,90
Gruppspel - A.  Roberthson / A.  Bäckström vs C.  Lahne / G.  Kan,https://www.youtube.com/watch?v=ux8oqCGvLe4,2025-04-26 12:45,Bana 7,90
Gruppspel - M.  Billfors Gustavsson / T.  Wimmelbacher vs D.  Dumancic / I.  Björnsjö,https://www.youtube.com/watch?v=Qeairf6ajAg,2025-04-26 12:45,Bana 8,90
Gruppspel - E.  Öpik / I.  Axland vs V.  Paukovic / T.  Peltoarvo (continued),https://www.youtube.com/watch?v=2pzdCjLIazU,2025-04-26 12:44,Mobilkamera 1,90
Gruppspel - S.  Thurin / S.  Thurin vs L.  Eklund / A.  Norman,https://www.youtube.com/watch?v=_XYGxmi5OYM,2025-04-26 12:00,Bana 4,90
Gruppspel - R.  Bodén / M.  Ohlsson vs E.  Stenström / S.  Bager,https://www.youtube.com/watch?v=3CDe_IqHNbw,2025-04-26 12:00,Bana 7,90
Gruppspel - A.  Mjörnheim / M.  Nordin vs A.  Ståhle / T.  Norup,https://www.youtube.com/watch?v=E13_1jUO2Sk,2025-04-26 12:00,Bana 8,90
Gruppspel - A.  Ståhle / T.  Norup vs D.  Dumancic / I.  Björnsjö (continued),https://www.youtube.com/watch?v=CLKtR-6LcuA,2025-04-26 11:52,Bana 8,90
Gruppspel - V.  Paukovic / T.  Peltoarvo vs S.  Areblad De Los Reyes / J.  Strålman,https://www.youtube.com/watch?v=Sf7irkerSwo,2025-04-26 11:15,Mobilkamera 1,90
Gruppspel - L.  Eklund / A.  Norman vs M.  Stavander / J.  Solod,https://www.youtube.com/watch?v=GiqEv1GsHUI,2025-04-26 11:15,Bana 4,90
Gruppspel - E.  Stenström / S.  Bager vs C.  Lahne / G.  Kan,https://www.youtube.com/watch?v=UwJ8Spi824o,2025-04-26 11:15,Bana 7,90
Gruppspel - T.  Thurin / Å.  Thurin vs E.  Öpik / I.  Axland,https://www.youtube.com/watch?v=8jMPE7pwB2Q,2025-04-26 10:30,Mobilkamera 1,90
Gruppspel - S.  Thurin / S.  Thurin vs D.  Yrwing / Å.  Hedman,https://www.youtube.com/watch?v=pinm8VOSeZE,2025-04-26 10:30,Bana 4,90
Gruppspel - R.  Bodén / M.  Ohlsson vs A.  Roberthson / A.  Bäckström,https://www.youtube.com/watch?v=COydJz-JkaE,2025-04-26 10:30,Bana 7,90
Gruppspel - A.  Mjörnheim / M.  Nordin vs M.  Billfors Gustavsson / T.  Wimmelbacher,https://www.youtube.com/watch?v=D7GwysGsl_I,2025-04-26 10:30,Bana 8,90
tetar,https://www.youtube.com/watch?v=05D25gmosT8,2025-04-25 22:30,Bana 7,90
test2,https://www.youtube.com/watch?v=SjUOLuRGyjs,2025-04-25 22:30,Bana 4,90
Turkos 2025-04-16 - Court 1 (continued),https://www.youtube.com/watch?v=B0w6gMfCyMI,2025-04-25 22:25,Bana 7,90
Gruppspel - Henry Nordin Ottosson / Alvin Bolin vs Sebastian Gäll / Johannes Schön (continued),https://www.youtube.com/watch?v=oEB0qKnMkS4,2025-04-25 22:17,Bana 8,90
test2 (continued),https://www.youtube.com/watch?v=XnpOj3_nzwQ,2025-04-25 22:05,Bana 4,90
Cerise 2025-04-21 - Court 1,https://www.youtube.com/watch?v=-Mj5RSjZuV0,2025-04-21 19:00,Bana 7,90
Cerise 2025-04-21 - Court 2,https://www.youtube.com/watch?v=NH-8hY3vvSc,2025-04-21 19:00,Bana 8,90
Final - Linus Rising / Erik Hanses vs William Bigert / Péter Almási,https://www.youtube.com/watch?v=SOCdWtmXAu8,2025-04-19 17:15,Bana 7,90
Semi 1 - Linus Rising / Erik Hanses vs Brady Nilsson / Brett Nilsson,https://www.youtube.com/watch?v=Pl1BLH0R6EM,2025-04-19 16:30,Bana 7,90
Semi 2 - Henry Nordin Ottosson / Alvin Bolin vs William Bigert / Péter Almási,https://www.youtube.com/watch?v=O_KQa5mDI8Y,2025-04-19 16:30,Bana 8,90
Kvart 1 - Nik Johansson / OlivÉR Daoda vs Brady Nilsson / Brett Nilsson,https://www.youtube.com/watch?v=k4f1Q3WrG5A,2025-04-19 15:45,Bana 7,90
Kvart 2 - Mile Bjerlöw / Alex Guldstrand vs William Bigert / Péter Almási,https://www.youtube.com/watch?v=S3MC0j3tjGo,2025-04-19 15:45,Bana 8,90
Gruppspel - Björn Häggmark / Peter Von Scheele vs Brady Nilsson / Brett Nilsson,https://www.youtube.com/watch?v=cxx_CH2zpQQ,2025-04-19 15:00,Bana 8,90
Gruppspel - Henry Nordin Ottosson / Alvin Bolin vs Sebastian Gäll / Johannes Schön,https://www.youtube.com/watch?v=aTOl__1GILA,2025-04-19 13:30,Bana 8,90
Gruppspel - Zia Qasemi / Kim Wallenberg Rehnström vs William Bigert / Péter Almási,https://www.youtube.com/watch?v=aJUVnBpJATA,2025-04-19 13:30,Bana 7,90
Gruppspel - Nik Johansson / OlivÉR Daoda vs Henry Nordin Ottosson / Alvin Bolin,https://www.youtube.com/watch?v=Fz_dB_C-nR0,2025-04-19 12:45,Bana 8,90
Gruppspel - Linus Rising / Erik Hanses vs Zia Qasemi / Kim Wallenberg Rehnström,https://www.youtube.com/watch?v=HeFEmJwrZl4,2025-04-19 12:45,Bana 7,90
Gruppspel - Sebastian Gäll / Johannes Schön vs Nik Johansson / OlivÉR Daoda,https://www.youtube.com/watch?v=0lMZtH4IDM8,2025-04-19 12:00,Bana 8,90
Gruppspel - William Bigert / Péter Almási vs Linus Rising / Erik Hanses,https://www.youtube.com/watch?v=OOBGFvntrak,2025-04-19 12:00,Bana 7,90
Kvalitetstest,https://www.youtube.com/watch?v=gHJ0Kfx2jyY,2025-04-18 12:30,Bana 8,90
Kvalletest2 - Bana 4,https://www.youtube.com/watch?v=X8ug0Ft5-4A,2025-04-18 12:30,Bana 4,90
Kvalletest2 - Bana 7,https://www.youtube.com/watch?v=zbw3l1asic0,2025-04-18 12:30,Bana 7,90
kvalitetstest - Bana 4,https://www.youtube.com/watch?v=_e3Iu0jWMOk,2025-04-17 19:30,Bana 4,90
kvalitetstest - Bana 7,https://www.youtube.com/watch?v=F_gSMowApmc,2025-04-17 19:30,Bana 7,90
kvalitetstest - Bana 8,https://www.youtube.com/watch?v=V-HuqEIkmRM,2025-04-17 19:30,Bana 8,90
Purpur 2025-04-16 - Court 1,https://www.youtube.com/watch?v=BP3k2x4kRIw,2025-04-16 19:00,Bana 7,90
Purpur 2025-04-16 - Court 2,https://www.youtube.com/watch?v=Kyo3W-cUiOY,2025-04-16 19:00,Bana 8,90
Cerise 2025-04-14 - Court 1,https://www.youtube.com/watch?v=BSID5kOY8tc,2025-04-14 19:00,Bana 7,90
Cerise 2025-04-14 - Court 2,https://www.youtube.com/watch?v=zVBp5C7dpT8,2025-04-14 19:00,Bana 8,90
Final - Lucas Nordström / Christian  Hansson vs Shahab Mesbah / Mikael Lidström,https://www.youtube.com/watch?v=j32gkKBiIL4,2025-04-12 17:20,Bana 7,90
Semi 1 - Lucas Nordström / Christian  Hansson vs Dario Dumancic / Isak Björnsjö,https://www.youtube.com/watch?v=CUIl3kLXDps,2025-04-12 16:40,Bana 8,90
Semi 2 - Shahab Mesbah / Mikael Lidström vs Elliott Bolin / Adrian Lalami,https://www.youtube.com/watch?v=cjcAqIJ9e4Y,2025-04-12 16:40,Bana 7,90
Final - Filippa Orre / Sigrid Sjölin vs Emma-Helena Schäfer / Josefin Westergren,https://www.youtube.com/watch?v=ZaUlyPJ7sOs,2025-04-12 16:40,Bana 4,90
Quart 2 - Dario Dumancic / Isak Björnsjö vs Axel Falk / Erik Hanses,https://www.youtube.com/watch?v=dobJYFSQIEA,2025-04-12 16:00,Bana 8,90
Quart 4 - Elliott Bolin / Adrian Lalami vs Mattias Hammar / Amos Bäckström,https://www.youtube.com/watch?v=wj6Y71_VpT0,2025-04-12 16:00,Bana 7,90
Semi 2 - Alice Maidell / Lova Hägglund vs Emma-Helena Schäfer / Josefin Westergren,https://www.youtube.com/watch?v=9VFG1_8W-iM,2025-04-12 16:00,Bana 4,90
Åttondel 3 - Love Linder / Pavle Cani vs Dario Dumancic / Isak Björnsjö,https://www.youtube.com/watch?v=ioXiVHmCVpQ,2025-04-12 15:20,Bana 8,90
Åttondel 8 - Erik Wolf-Watz / Max Attevall vs Segraren 49,https://www.youtube.com/watch?v=Nh4_weLF7AA,2025-04-12 15:20,Bana 7,90
Quart 4 - Karin Leander / Ann Sandström vs Emma-Helena Schäfer / Josefin Westergren,https://www.youtube.com/watch?v=R3Wfx9Uxz3g,2025-04-12 15:20,Bana 4,90
Sextondel 8 - Gustav Westergren / Artur Ossowski vs 3:an grupp F,https://www.youtube.com/watch?v=16Mum23RduU,2025-04-12 14:40,Bana 7,90
Åttondel 7 - Elliott Bolin / Adrian Lalami vs Viggo Gesar / Noel Runhagen,https://www.youtube.com/watch?v=fRGXXXNeSz8,2025-04-12 14:40,Bana 8,90
Åttondel 7 - Karin Leander / Ann Sandström vs Milagros Llenas / Karolina Mikkonen,https://www.youtube.com/watch?v=AsbzSu9Ipfo,2025-04-12 14:40,Bana 4,90
Gruppspel - Dario Dumancic / Isak Björnsjö vs Filip Langwagen / Oscar Pettersson,https://www.youtube.com/watch?v=hdlVP7tcPNM,2025-04-12 14:00,Bana 8,90
Sextondel 7 - Viggo Gesar / Noel Runhagen vs Leonardo Klemming / Oskar Öberg,https://www.youtube.com/watch?v=8zDVAgYmoh4,2025-04-12 14:00,Bana 7,90
Åttondel 8 - Anna Ojdanic / Jenny Strålman vs Emma-Helena Schäfer / Josefin Westergren,https://www.youtube.com/watch?v=qMcFRoUJ89s,2025-04-12 14:00,Bana 4,90
Gruppspel - Alfred Mjörnheim / Mattias Forsberg vs Stefan Karlsson / Brady Nilsson,https://www.youtube.com/watch?v=h_XKP-qO6Sw,2025-04-12 13:20,Bana 7,90
Gruppspel - Romeo Nordh / Ossian Öhman vs Erik Wolf-Watz / Max Attevall,https://www.youtube.com/watch?v=9kKW_UlRFfo,2025-04-12 13:20,Bana 8,90
Sextondel 8 - Emma-Helena Schäfer / Josefin Westergren vs Ella Boberg / Josefina Franck,https://www.youtube.com/watch?v=z8FPAwH1usg,2025-04-12 13:20,Bana 4,90
Gruppspel - Viggo Gesar / Noel Runhagen vs Zia Qasemi / Jacob Immerstrand,https://www.youtube.com/watch?v=l-ty4A3PrJc,2025-04-12 12:40,Bana 7,90
Gruppspel - Filip Langwagen / Oscar Pettersson vs Mattias Hammar / Amos Bäckström,https://www.youtube.com/watch?v=YeTheS-dZOY,2025-04-12 12:40,Bana 8,90
Gruppspel - Filippa Orre / Sigrid Sjölin vs Emma-Helena Schäfer / Josefin Westergren,https://www.youtube.com/watch?v=C4ooyo8Sm-s,2025-04-12 12:40,Bana 4,90
Gruppspel - Stefan Karlsson / Brady Nilsson vs Nik Johansson / Mikael Lindahl,https://www.youtube.com/watch?v=e8t9aJXUZiA,2025-04-12 12:00,Bana 7,90
Gruppspel - Erik Wolf-Watz / Max Attevall vs Elias Ohlsson / Pelle Blomstedt,https://www.youtube.com/watch?v=ZTwAqirQ2n8,2025-04-12 12:00,Bana 8,90
Gruppspel - Åsa Sundquist / Karin Axelsson vs Emma-Helena Schäfer / Josefin Westergren,https://www.youtube.com/watch?v=zBb9g-LAKsw,2025-04-12 12:00,Bana 4,90
Test av court change,https://www.youtube.com/watch?v=t-P3xB0Cy2k,2025-04-12 01:30,Bana 7,90
Court change 2,https://www.youtube.com/watch?v=aVZIRyQYNHQ,2025-04-12 01:30,Bana 4,90
Purpur 2025-04-09 - Court 1,https://www.youtube.com/watch?v=_IxZ2x3tX4Y,2025-04-09 19:00,Bana 7,90
Purpur 2025-04-09 - Court 2,https://www.youtube.com/watch?v=_nTeAY3-2ng,2025-04-09 19:00,Bana 8,90
Cerise 2025-04-07 - Court 1,https://www.youtube.com/watch?v=WOpBDDk0csw,2025-04-07 19:00,Bana 7,90
Cerise 2025-04-07 - Court 2,https://www.youtube.com/watch?v=o979FpE5SjY,2025-04-07 19:00,Bana 8,90
Final,https://www.youtube.com/watch?v=4nfNu71TnU8,2025-04-05 19:40,Bana 7,60
Final - Oskar Billerfors / Mikael Lindahl vs Brady Nilsson / Zia Qasemi,https://www.youtube.com/watch?v=p551i8UQcbs,2025-04-05 18:00,Bana 8,90
Final - Julia Li / Carolina Ogata vs Alice Maidell / Alice Fransson Nordh,https://www.youtube.com/watch?v=kVMnrllPLH0,2025-04-05 18:00,Bana 4,90
Semi 1 - Péter Almási / William Bigert vs Oskar Billerfors / Mikael Lindahl,https://www.youtube.com/watch?v=q1DUHmu1PNc,2025-04-05 17:15,Bana 8,90
Semi 2 - Jens Öberg / Henrik Samuelsson vs Brady Nilsson / Zia Qasemi,https://www.youtube.com/watch?v=fQNpq0iP-is,2025-04-05 17:15,Bana 7,90
Semi 2 - Anna Baggström / Eva Baggström vs Alice Maidell / Alice Fransson Nordh,https://www.youtube.com/watch?v=MpjM6JIOxWY,2025-04-05 17:15,Bana 4,90
Quart 1 - Peter Tholse / David Ask vs Péter Almási / William Bigert,https://www.youtube.com/watch?v=untK8o5OmCc,2025-04-05 16:30,Bana 8,90
Quart 3 - Jens Öberg / Henrik Samuelsson vs Jakob Berg / Rickard Lindholm,https://www.youtube.com/watch?v=gzaVpRXFGDU,2025-04-05 16:30,Bana 7,90
Quart 2 - Amanda Huldt / Ella Strid vs Kathrin Bartholomäus / Larissa Lang,https://www.youtube.com/watch?v=ZjsudqXL0yA,2025-04-05 16:30,Bana 4,90
Åttondel 2 - Péter Almási / William Bigert vs Johannes Dahl / Marco Nerreter,https://www.youtube.com/watch?v=SEnXcquQofo,2025-04-05 15:45,Bana 8,90
Åttondel 5 - Jens Öberg / Henrik Samuelsson vs Jonas Pettersson / Jakob Liv,https://www.youtube.com/watch?v=WXsJW0KaQ-Y,2025-04-05 15:45,Bana 7,90
Åttondel 2 - Kathrin Bartholomäus / Larissa Lang vs Emma Strandberg / Sara Erdholm,https://www.youtube.com/watch?v=mjDIb_STQd8,2025-04-05 15:45,Bana 4,90
Åttondel 1 - Jonathan Hultén / Ronny Jakobsson vs Peter Tholse / David Ask,https://www.youtube.com/watch?v=qxUE7fDdkJk,2025-04-05 15:00,Bana 8,90
Åttondel 6 - Arvid Kåring / Algot Niska vs Jakob Berg / Rickard Lindholm,https://www.youtube.com/watch?v=HC2Bypzfyy8,2025-04-05 15:00,Bana 7,90
Sextondel 6 - Jacky Lee / Mikael Collryd vs Jakob Berg / Rickard Lindholm,https://www.youtube.com/watch?v=EvReJyN7OXA,2025-04-05 14:15,Bana 7,90
Gruppspel - Alice Maidell / Alice Fransson Nordh vs Isabella Mikkonen / Karolina Mikkonen,https://www.youtube.com/watch?v=OBP4l2DB_mQ,2025-04-05 13:30,Bana 4,90
Sextondel 4 - Linus Klackenberg / Harry Klackenberg vs Avenir Kobetski / Artemi Perminov,https://www.youtube.com/watch?v=iVwLpOFb1iw,2025-04-05 13:30,Bana 8,90
Sextondel 5 - Jonas Pettersson / Jakob Liv vs Jakob Stigenberg / Daniel Valero Perez,https://www.youtube.com/watch?v=TAqXXC2MwBY,2025-04-05 13:30,Bana 7,90
Gruppspel - Jonas Pettersson / Jakob Liv vs Stefan Akteus / Simon Hollstedt,https://www.youtube.com/watch?v=yNnk4C4Ne4k,2025-04-05 12:45,Bana 7,90
Gruppspel - Linus Klackenberg / Harry Klackenberg vs Arvid Kåring / Algot Niska,https://www.youtube.com/watch?v=RWQhN6_5Dkc,2025-04-05 12:45,Bana 8,90
Gruppspel - Isabella Mikkonen / Karolina Mikkonen vs Emma Strandberg / Sara Erdholm,https://www.youtube.com/watch?v=crpj2TgYJak,2025-04-05 12:45,Bana 4,90
Gruppspel - Johannes Dahl / Marco Nerreter vs Stefan Akteus / Simon Hollstedt,https://www.youtube.com/watch?v=Rmo1GrniEqI,2025-04-05 12:00,Bana 7,90
Gruppspel - Viggo Rimbe / Saleh Karadolami vs Arvid Kåring / Algot Niska,https://www.youtube.com/watch?v=y9Y1aOQPHik,2025-04-05 12:00,Bana 8,90
Gruppspel - Alice Maidell / Alice Fransson Nordh vs Tilly Fransson / Felicia Lorentzen,https://www.youtube.com/watch?v=T4aqad6EmDA,2025-04-05 12:00,Bana 4,90
Purpur 2025-04-02 - Court 1,https://www.youtube.com/watch?v=QH50JygQq10,2025-04-02 19:00,Bana 7,90
Purpur 2025-04-02 - Court 2,https://www.youtube.com/watch?v=Gdx48y01b_E,2025-04-02 19:00,Bana 8,90
Cerise 2025-03-31 - Court 1,https://www.youtube.com/watch?v=UWqx8noJf-s,2025-03-31 19:00,Bana 7,90
Cerise 2025-03-31 - Court 2,https://www.youtube.com/watch?v=L_3SxYXPxhY,2025-03-31 19:00,Bana 8,90
Lamptest,https://www.youtube.com/watch?v=j84lLqTz6mE,2025-03-31 00:30,Bana 7,90
Final - Sigrid Sjölin / Filippa Orre vs Elvira Carstedt / Lina Russo,https://www.youtube.com/watch?v=1uj1uF3lc-E,2025-03-29 18:45,Bana 4,90
Semi 1 - Malin Stavander / Jenny Strålman vs Sigrid Sjölin / Filippa Orre,https://www.youtube.com/watch?v=2TPebbeZ87A,2025-03-29 18:00,Bana 4,90
Final - Manne Norman / Jesper Ahlberg vs Love Linder / Theo Hiller,https://www.youtube.com/watch?v=w4A8AvDNJ60,2025-03-29 18:00,Bana 7,90
Kvart 2 - Sigrid Sjölin / Filippa Orre vs Emelie Öpik / Ingrid Axland,https://www.youtube.com/watch?v=106_Pcxp2fk,2025-03-29 17:15,Bana 4,90
Semi 1 - Manne Norman / Jesper Ahlberg vs Oliver Saxlund / Jacob Mimon Ekqvist,https://www.youtube.com/watch?v=klRm4Jm4Kko,2025-03-29 17:15,Bana 7,90
Semi 2 - Love Linder / Theo Hiller vs Leonel Penela / Lucas Nordström,https://www.youtube.com/watch?v=q0-s03KvjeM,2025-03-29 17:15,Bana 8,90
Åttondel 4 - Emelie Öpik / Ingrid Axland vs Nicolina Gvojic / Fanny Wennberg,https://www.youtube.com/watch?v=-Mvu-GFDDUw,2025-03-29 16:30,Bana 4,90
Kvart 1 - Manne Norman / Jesper Ahlberg vs Oscar Pettersson / Tim Wimmelbacher,https://www.youtube.com/watch?v=fdM4MygKtGo,2025-03-29 16:30,Bana 7,90
Kvart 2 - Altangerel Munkhtulga / Giovanni Calzolari vs Oliver Saxlund / Jacob Mimon Ekqvist,https://www.youtube.com/watch?v=QT7c4bKPb8Q,2025-03-29 16:30,Bana 8,90
Åttondel 3 - Sigrid Sjölin / Filippa Orre vs Åsa Sundquist / Åsa Zonabend,https://www.youtube.com/watch?v=xuA7RXQcI5c,2025-03-29 15:45,Bana 4,90
Åttondel 2 - Oscar Pettersson / Tim Wimmelbacher vs Jacob Immerstrand / Zia Qasemi,https://www.youtube.com/watch?v=goRl-4JgtJ8,2025-03-29 15:45,Bana 7,90
Åttondel 3 - Altangerel Munkhtulga / Giovanni Calzolari vs Florian Ekdahl / Ludvig Asplund,https://www.youtube.com/watch?v=915qACV3MTM,2025-03-29 15:45,Bana 8,90
Sextondel 4 - Nicolina Gvojic / Fanny Wennberg vs Alice Maidell / Saga Winkiel,https://www.youtube.com/watch?v=fFzD63D1KOA,2025-03-29 15:00,Bana 4,90
Sextondel 2 - Jacob Immerstrand / Zia Qasemi vs Brady Nilsson / Florian Heinze,https://www.youtube.com/watch?v=zmVPb-6A1Fk,2025-03-29 15:00,Bana 7,90
Sextondel 3 - Florian Ekdahl / Ludvig Asplund vs Joel Redin / Elliot Hired Törneman,https://www.youtube.com/watch?v=Kn1Ott-DsLk,2025-03-29 15:00,Bana 8,90
Sextondel 3 - Anahita Velander Rabiei / Siena Goscinski Bautista vs Åsa Sundquist / Åsa Zonabend,https://www.youtube.com/watch?v=RLfXcup7_8M,2025-03-29 14:15,Bana 4,90
Sextondel 4 - Oliver Saxlund / Jacob Mimon Ekqvist vs Sebastian Gäll / Jonas Pettersson,https://www.youtube.com/watch?v=mnB76uSZtag,2025-03-29 14:15,Bana 8,90
Sextondel 8 - Oskar Öberg / Leonardo Klemming vs Jens Öberg / Michael Holmström,https://www.youtube.com/watch?v=qtUGEkCWVtY,2025-03-29 14:15,Bana 7,90
Gruppspel - Sigrid Sjölin / Filippa Orre vs Eva Andó / Johanna Frost,https://www.youtube.com/watch?v=taiRpg1XaGs,2025-03-29 13:30,Bana 4,90
Gruppspel - Mille Linder / Pavle Cani vs Oliver Saxlund / Jacob Mimon Ekqvist,https://www.youtube.com/watch?v=zfLbwKUkHwk,2025-03-29 13:30,Bana 7,90
Gruppspel - Mikael Billfors Gustavsson / Robert Green vs Måns Björn / Mathijs Bolin,https://www.youtube.com/watch?v=a_31JokN_is,2025-03-29 13:30,Bana 8,90
Gruppspel - Anna Lennartsson / Desiree Yrwing vs Cira Wikström / Magdalena Rzepka,https://www.youtube.com/watch?v=jNa48pU_AkI,2025-03-29 12:45,Bana 4,90
Gruppspel - Oliver Saxlund / Jacob Mimon Ekqvist vs Jens Öberg / Michael Holmström,https://www.youtube.com/watch?v=1F4PP74yITA,2025-03-29 12:45,Bana 7,90
Gruppspel - Telmen Ganzorigt / Oyunbaatar Enkhee vs Måns Björn / Mathijs Bolin,https://www.youtube.com/watch?v=zUaHGQ_5C50,2025-03-29 12:45,Bana 8,90
Gruppspel - Åsa Sundquist / Åsa Zonabend vs Cira Wikström / Magdalena Rzepka,https://www.youtube.com/watch?v=T9DDOFi6jUI,2025-03-29 12:00,Bana 4,90
Gruppspel - Linn Fredriksson / Delia Daniele vs Eva Andó / Johanna Frost,https://www.youtube.com/watch?v=BVLwR1SOGwY,2025-03-29 12:00,Bana 7,90
Gruppspel - Malin Placht / Ulrika Jonsson vs Malin Bjärkstedt / Nicandra Norrby,https://www.youtube.com/watch?v=hk9-OjfJyAA,2025-03-29 12:00,Bana 8,90
Kameratest,https://www.youtube.com/watch?v=Y5L-B4egiBc,2025-03-29 11:30,Bana 4,20
Fredagsmorgonträning,https://www.youtube.com/watch?v=_8d8QtZIZrw,2025-03-28 08:15,Bana 4,105
Test av nya kanalen,https://www.youtube.com/watch?v=xIGns0e2d50,2025-03-27 17:30,Bana 8,90
Kommentarstest,https://www.youtube.com/watch?v=A0NOvyB9h6w,2025-03-27 00:30,Bana 8,90
6 Mbps test,https://www.youtube.com/watch?v=OEod3P6r14s,2025-03-26 18:30,Bana 8,90
Kvalitetstest,https://www.youtube.com/watch?v=GR-IQClxdks,2025-03-24 18:30,Bana 7,90
Kvalitetstest 2,https://www.youtube.com/watch?v=mtXpI5byiNQ,2025-03-24 18:30,Bana 8,90
Test,https://www.youtube.com/watch?v=Ks3KKUgRTSQ,2025-03-23 18:30,Bana 8,90
Purpur Bana 7 sista 10,https://www.youtube.com/watch?v=gDJIb4Dkdos,2025-03-19 20:20,Bana 7,90
Purpur 2025-03-19 - Court 1,https://www.youtube.com/watch?v=k9X3M3tfAx4,2025-03-19 19:00,Bana 7,90
Träning 1,https://www.youtube.com/watch?v=r9dTbirl8mY,2025-03-18 17:00,Bana 7,90
Bana 8 kvalitetstest 2,https://www.youtube.com/watch?v=8vV_SGmlfGo,2025-03-17 17:30,Bana 8,90
Bana 8 kvalitetetstest 2,https://www.youtube.com/watch?v=-y3VOkU3VqE,2025-03-17 16:00,Bana 8,90
Kvalitet bana 8,https://www.youtube.com/watch?v=Zbv8UWuTeLQ,2025-03-17 11:00,Bana 8,90
Kvalitet bana 7,https://www.youtube.com/watch?v=-HW8WOC1D8g,2025-03-17 11:00,Bana 7,90
Kvalitetstest,https://www.youtube.com/watch?v=x4rW0f58L7s,2025-03-17 10:50,Bana 4,120
Test Discord,https://www.youtube.com/watch?v=V0jQo_gF2wc,2025-03-16 14:30,Bana 8,20
Final - Sofia Russo / Linda Ericsson vs Filippa Hansson / Tina Thurin,https://www.youtube.com/watch?v=zhM_uOF0DdY,2025-03-15 15:50,Bana 3,90
Final - Mantas Beniusis / Hannes Simonsson vs Ossian Öhman / Mikael Lidström,https://www.youtube.com/watch?v=QhlCQnQ-BX0,2025-03-15 15:50,Mobilkamera 1,90
Semi 1 - Sofia Russo / Linda Ericsson vs Alice Arnberg / Hanna Cajander,https://www.youtube.com/watch?v=FDC8VJplNj4,2025-03-15 15:05,Bana 3,90
Åttondel 1 - Teddie Almblad Engvall / Arvid Hillgren vs Erik Liljestrand / Sven Nord,https://www.youtube.com/watch?v=4-g2CbmnPbo,2025-03-15 13:35,Bana 7,90
Åttondel 4 - Simon Apelthun / Jon Jonze vs Ture Hultin / Neo Broady,https://www.youtube.com/watch?v=6cT11sfU-Tg,2025-03-15 13:35,Bana 8,90
Åttondel 1 - Emma Haglund / Emmelie Viklund vs Malin Stavander / Jane Solod,https://www.youtube.com/watch?v=xjClz8hj1_Q,2025-03-15 13:35,Bana 3,90
Gruppspel - Vanessa Paukovic / Cornelia Björkquist vs Louise Eklund / Michaela Engman,https://www.youtube.com/watch?v=ammdEBhOrHo,2025-03-15 12:50,Bana 4,90
Gruppspel - Juste Derkintyte / Fanny Åhman vs Joanna Saber / Linnea Neldemo,https://www.youtube.com/watch?v=u2YahLls1Ww,2025-03-15 12:50,Bana 3,90
Gruppspel - Grigorij Kan / Gustav Molin vs Oliver Lundmark / Livio Jaconelli,https://www.youtube.com/watch?v=_R55YHglZq4,2025-03-15 12:50,Bana 7,90
Gruppspel - Lina Russo / Sofia Wahlén vs Sofia Russo / Linda Ericsson,https://www.youtube.com/watch?v=zNxXp-EP4LQ,2025-03-15 12:05,Bana 3,90
Gruppspel - Filippa Hansson / Tina Thurin vs Emma Haglund / Emmelie Viklund,https://www.youtube.com/watch?v=HhaqjJslTlg,2025-03-15 12:05,Bana 4,90
Gruppspel - Simon Apelthun / Jon Jonze vs Rasmus Eklund / Robin Persson Turegård,https://www.youtube.com/watch?v=KS3HN1rWGUs,2025-03-15 12:05,Bana 7,90
Fredagsträning,https://www.youtube.com/watch?v=UiKa6k3-Wvk,2025-03-14 08:30,Mobilkamera 2,90
Henric torsdag,https://www.youtube.com/watch?v=3ejzpimAfEo,2025-02-27 18:30,NULL,90
Henric torsdag 2,https://www.youtube.com/watch?v=lCZjiUF7vQ0,2025-02-27 18:30,Mobilkamera 1,90
Final - Rasmus Bodén / Tina Thurin vs Fanny Åhman / Leon Bottheim,https://www.youtube.com/watch?v=ZaQPOhQzZAI,2025-02-23 17:25,Mobilkamera 1,200
Semi 1 - Rasmus Bodén / Tina Thurin vs Mårten Norman / Emmelie Viklund,https://www.youtube.com/watch?v=RdjmKPvH3mI,2025-02-23 16:40,Mobilkamera 1,200
Semi 2 - Vanessa Paukovic / Mattias Magnusson vs Fanny Åhman / Leon Bottheim,https://www.youtube.com/watch?v=QqdnVfE4J7k,2025-02-23 16:40,NULL,200
Quart 1 - Rasmus Bodén / Tina Thurin vs Ossian Öhman / Carin Nylander,https://www.youtube.com/watch?v=iDQsu4c0hpU,2025-02-23 15:55,Mobilkamera 1,200
Quart 4 - Filippa Hansson / Oliver Lundmark vs Fanny Åhman / Leon Bottheim,https://www.youtube.com/watch?v=7Kjpaiev1G4,2025-02-23 15:55,Mobilkamera 2,200
Quart 3 - Linda Beckius / Mikael Billfors Gustavsson vs Vanessa Paukovic / Mattias Magnusson,https://www.youtube.com/watch?v=o1V8V_Ib8Qk,2025-02-23 15:55,NULL,200
Åttondel 1 - Ossian Öhman / Carin Nylander vs Emil Vannebäck / Cornelia Björkquist,https://www.youtube.com/watch?v=oDEpL93f25c,2025-02-23 15:10,Mobilkamera 1,200
Åttondel 7 - Fanny Åhman / Leon Bottheim vs Jeroen De Bont / Leire De Campos Mata,https://www.youtube.com/watch?v=HAZ2Wkrcvcs,2025-02-23 15:10,Mobilkamera 2,200
Åttondel 4 - Linda Beckius / Mikael Billfors Gustavsson vs Nik Johansson / Julia Li,https://www.youtube.com/watch?v=41DXvSEXNlo,2025-02-23 15:10,NULL,200
Gruppspel - Ossian Öhman / Carin Nylander vs Linda Beckius / Mikael Billfors Gustavsson,https://www.youtube.com/watch?v=Oq3YHf1kLUc,2025-02-23 14:25,Mobilkamera 1,200
Gruppspel - Albin Hedberg / Jenny Blomqvist vs Emil Vannebäck / Cornelia Björkquist,https://www.youtube.com/watch?v=ColYgQzedSQ,2025-02-23 14:25,Mobilkamera 2,200
Gruppspel - Milagros Llenas / Björn Häggmark vs Krister Karlsson / Frida Eriksson,https://www.youtube.com/watch?v=dtr1s0VlueE,2025-02-23 14:25,NULL,200
Gruppspel - Ossian Öhman / Carin Nylander vs Milagros Llenas / Björn Häggmark,https://www.youtube.com/watch?v=wQlPL7R5VUI,2025-02-23 13:40,Mobilkamera 1,200
Gruppspel - Albin Hedberg / Jenny Blomqvist vs Mattias Långström / Pernilla Långström,https://www.youtube.com/watch?v=g-Z3yEUbKP4,2025-02-23 13:40,Mobilkamera 2,200
Gruppspel - Krister Karlsson / Frida Eriksson vs Linda Beckius / Mikael Billfors Gustavsson,https://www.youtube.com/watch?v=_enzkKgfdcE,2025-02-23 13:40,NULL,200
Gruppspel - Rasmus Bodén / Tina Thurin vs Vanessa Paukovic / Mattias Magnusson,https://www.youtube.com/watch?v=IZ49Qmafktg,2025-02-23 12:55,Mobilkamera 1,200
Gruppspel - Fanny Åhman / Leon Bottheim vs Pavle Cani / Johanna Frost,https://www.youtube.com/watch?v=BTa-rzrHDoI,2025-02-23 12:55,Mobilkamera 2,200
test autostart,https://www.youtube.com/watch?v=Q4hmTqs4pj0,2025-02-21 11:57,NULL,90
Testar autostart,https://www.youtube.com/watch?v=lJ3ti8QMekE,2025-02-17 23:50,NULL,90
Nicklas Berger / Neo Broady vs Emil Vannebäck / Mårten Norman,https://www.youtube.com/watch?v=wfLR5biuyNA,2025-02-15 19:00,Mobilkamera 1,200
Helene Jernbeck / Fanny Åhman vs Sofia Russo / Emmelie Viklund,https://www.youtube.com/watch?v=q86G70DMnec,2025-02-15 18:00,Mobilkamera 1,200
Rasmus Eklund / Jakob Stegemyr vs Nicklas Berger / Neo Broady,https://www.youtube.com/watch?v=E-mwVO5i7e4,2025-02-15 15:30,Mobilkamera 2,200
Sofia Russo / Emmelie Viklund vs Sofia Thurin / Tina Thurin,https://www.youtube.com/watch?v=IlLkbnKh-SA,2025-02-15 15:30,NULL,200
Emil Vannebäck / Mårten Norman vs Måns Norman / Manne Norman,https://www.youtube.com/watch?v=P8O60nGB8_g,2025-02-15 15:30,Mobilkamera 3,200
Helene Jernbeck / Fanny Åhman vs Sanna Thurin / Lova Hägglund,https://www.youtube.com/watch?v=8HJUlXC-wRQ,2025-02-15 15:30,Mobilkamera 1,200
Herman Hyseini / Robert Green vs Rasmus Eklund / Jakob Stegemyr,https://www.youtube.com/watch?v=2oBzqm3Fmpg,2025-02-15 14:45,Mobilkamera 2,200
Helene Jernbeck / Fanny Åhman vs Joanna Saber / Sofia Uddin,https://www.youtube.com/watch?v=3Q0isOEqNAg,2025-02-15 14:45,Mobilkamera 1,200
Sofia Thurin / Tina Thurin vs Charlotte Frandell / Desiree Yrwing,https://www.youtube.com/watch?v=BydG_lQcD5Y,2025-02-15 14:45,NULL,200
Måns Norman / Manne Norman vs Gustav Westergren / Jon Jonze,https://www.youtube.com/watch?v=OXREs162qS0,2025-02-15 14:45,Mobilkamera 3,200
Rasmus Eklund / Jakob Stegemyr vs Mikael Billfors Gustavsson / Milosz Gasiorek,https://www.youtube.com/watch?v=QxpaHK-wDMY,2025-02-15 14:00,Mobilkamera 2,200
Joanna Saber / Sofia Uddin vs Tanja Peltoarvo / Vanessa Paukovic,https://www.youtube.com/watch?v=2X2PuCsUya0,2025-02-15 14:00,Mobilkamera 1,200
Linda Levinsson / Jenny Strålman vs Charlotte Frandell / Desiree Yrwing,https://www.youtube.com/watch?v=8FVlGqruRSA,2025-02-15 14:00,NULL,200
Emelie Öpik / Ingrid Axland vs Filippa Hansson / Michaela Engman,https://www.youtube.com/watch?v=m8zapu6o8nw,2025-02-15 12:55,Mobilkamera 1,200
Helene Jernbeck / Fanny Åhman vs Linda Levinsson / Jenny Strålman,https://www.youtube.com/watch?v=lis_pxG1cEQ,2025-02-15 12:10,Mobilkamera 1,200
Gustav Westergren / Jon Jonze vs Herman Hyseini / Robert Green,https://www.youtube.com/watch?v=ULRKvC52B_E,2025-02-15 12:10,Mobilkamera 2,200
Turkos bana 2,https://www.youtube.com/watch?v=vm9pyVXHvi8,2025-02-12 20:45,Mobilkamera 2,90
Gul 2025-02-09,https://www.youtube.com/watch?v=Tl466ZxTgpU,2025-02-09 17:50,Mobilkamera 1,40
test4,https://www.youtube.com/watch?v=gUvIyEj1ASU,2025-02-08 23:55,Mobilkamera 1,90
test5,https://www.youtube.com/watch?v=mtB0xpHEvPw,2025-02-08 23:55,Mobilkamera 1,90
commentary3,https://www.youtube.com/watch?v=gtDtUamAHZc,2025-02-08 23:45,NULL,90
Testar kommentarer,https://www.youtube.com/watch?v=xKTyPuLCO2c,2025-02-08 18:45,Mobilkamera 1,90
KOmmentarer 2,https://www.youtube.com/watch?v=sXZJ2lILhF0,2025-02-08 18:45,Mobilkamera 1,90
Tisdag 2,https://www.youtube.com/watch?v=K50JW63RtUM,2025-02-04 18:30,NULL,90
Vafan,https://www.youtube.com/watch?v=12SXvCoBzkE,2025-02-03 17:30,NULL,90
Sista,https://www.youtube.com/watch?v=AaN3I5tk8xg,2025-02-03 17:30,NULL,90
Hejkon,https://www.youtube.com/watch?v=tjZY-1RoZnk,2025-02-03 16:30,NULL,90
Robusthet,https://www.youtube.com/watch?v=6Xw1P4XTSVg,2025-02-02 18:30,NULL,90
Maxim Volkov / Eivind Stenström vs Hugo Hartzell / Leon Bottheim,https://www.youtube.com/watch?v=wufxUBHiZR0,2025-02-01 18:00,Mobilkamera 1,90
Mara Mennuni / Cornelia Björkquist vs Malin Stavander / Jane Solod,https://www.youtube.com/watch?v=XFb3Q8KyhK0,2025-02-01 17:20,NULL,90
Maxim Volkov / Eivind Stenström vs Emil Mattila / Edvin Carlén,https://www.youtube.com/watch?v=7pNBd-QGOMA,2025-02-01 17:20,Mobilkamera 1,90
Hugo Hartzell / Leon Bottheim vs Calle Stark / Marcus Landström,https://www.youtube.com/watch?v=St9tMi6USHI,2025-02-01 16:40,Mobilkamera 1,90
Fanny Wennberg / Ellen Stavbom vs Mara Mennuni / Cornelia Björkquist,https://www.youtube.com/watch?v=JebxHF1XejY,2025-02-01 16:40,NULL,90
Maxim Volkov / Eivind Stenström vs Mathijs Bolin / Staffan Äng,https://www.youtube.com/watch?v=RMiMV0zVVRk,2025-02-01 16:40,Mobilkamera 1,200
Leire De Campos Mata / Victoria Jonsson vs Emelie Öpik / Ingrid Axland,https://www.youtube.com/watch?v=yxkMnhkDVxI,2025-02-01 16:00,NULL,90
Cerise 2025-01-27,https://www.youtube.com/watch?v=jXwb7bhPGJU,2025-01-27 19:00,Mobilkamera 1,90
Serveträning,https://www.youtube.com/watch?v=-ocdmAWZtxo,2025-01-26 20:00,Mobilkamera 1,90
Gul 2025-01-26,https://www.youtube.com/watch?v=eYTKoISYjKA,2025-01-26 17:00,Mobilkamera 1,90
Kexchoklad - go och glad!,https://www.youtube.com/watch?v=_C4l6rwPX3w,2025-01-22 18:30,NULL,90
Kalles Kaviar-event,https://www.youtube.com/watch?v=fP5pgqxe9pU,2025-01-21 22:40,NULL,90
Cerise 2025-01-21,https://www.youtube.com/watch?v=S137KiEisx4,2025-01-21 17:00,NULL,90
